-- База данных исторических географических открытий
-- Автогенерация: scripts/dump_sql.mjs
-- Связи: discoveries.explorer_id -> explorers.id, waypoints.discovery_id -> discoveries.id

PRAGMA foreign_keys = ON;

-- ================== СХЕМА ==================
CREATE TABLE explorers (
    id INTEGER PRIMARY KEY AUTOINCREMENT,
    name TEXT UNIQUE NOT NULL, country TEXT, flag TEXT, years TEXT, image TEXT, source TEXT
  );

CREATE TABLE discoveries (
    id TEXT PRIMARY KEY, year INTEGER, title TEXT, explorer_id INTEGER, location TEXT,
    lat REAL, lng REAL, description TEXT, source TEXT,
    FOREIGN KEY (explorer_id) REFERENCES explorers(id)
  );

CREATE TABLE waypoints (
    id INTEGER PRIMARY KEY AUTOINCREMENT,
    discovery_id TEXT, seq INTEGER, lat REAL, lng REAL,
    FOREIGN KEY (discovery_id) REFERENCES discoveries(id)
  );

CREATE INDEX idx_disc_explorer ON discoveries(explorer_id);
CREATE INDEX idx_wp_disc ON waypoints(discovery_id);

-- ================== ДАННЫЕ ==================

-- explorers (43)
INSERT INTO explorers (id, name, country, flag, years, image, source) VALUES (1, 'Эрик Рыжий', 'Норвегия', '🇳🇴', 'ок. 950–1003', 'images/explorers/erik-the-red.png', 'https://ru.wikipedia.org/wiki/%D0%AD%D1%80%D0%B8%D0%BA_%D0%A0%D1%8B%D0%B6%D0%B8%D0%B9');
INSERT INTO explorers (id, name, country, flag, years, image, source) VALUES (2, 'Лейф Эрикссон', 'Норвегия', '🇳🇴', 'ок. 970–1020', 'images/explorers/leif-erikson.jpg', 'https://ru.wikipedia.org/wiki/%D0%9B%D0%B5%D0%B9%D1%84');
INSERT INTO explorers (id, name, country, flag, years, image, source) VALUES (3, 'Марко Поло', 'Италия', '🇮🇹', '1254–1324', 'images/explorers/marco-polo.jpg', 'https://ru.wikipedia.org/wiki/%D0%9F%D0%BE%D0%BB%D0%BE%2C_%D0%9C%D0%B0%D1%80%D0%BA%D0%BE');
INSERT INTO explorers (id, name, country, flag, years, image, source) VALUES (4, 'Генрих Мореплаватель', 'Португалия', '🇵🇹', '1394–1460', 'images/explorers/henry-the-navigator.jpg', 'https://ru.wikipedia.org/wiki/%D0%93%D0%B5%D0%BD%D1%80%D0%B8%D1%85_%D0%9C%D0%BE%D1%80%D0%B5%D0%BF%D0%BB%D0%B0%D0%B2%D0%B0%D1%82%D0%B5%D0%BB%D1%8C');
INSERT INTO explorers (id, name, country, flag, years, image, source) VALUES (5, 'Бартоломеу Диаш', 'Португалия', '🇵🇹', 'ок. 1450–1500', 'images/explorers/bartolomeu-dias.jpg', 'https://ru.wikipedia.org/wiki/%D0%94%D0%B8%D0%B0%D1%88%2C_%D0%91%D0%B0%D1%80%D1%82%D0%BE%D0%BB%D0%BE%D0%BC%D0%B5%D1%83');
INSERT INTO explorers (id, name, country, flag, years, image, source) VALUES (6, 'Христофор Колумб', 'Испания', '🇪🇸', '1451–1506', 'images/explorers/christopher-columbus.jpg', 'https://ru.wikipedia.org/wiki/%D0%9A%D0%BE%D0%BB%D1%83%D0%BC%D0%B1%2C_%D0%A5%D1%80%D0%B8%D1%81%D1%82%D0%BE%D1%84%D0%BE%D1%80');
INSERT INTO explorers (id, name, country, flag, years, image, source) VALUES (7, 'Джон Кабот', 'Англия', '🏴', 'ок. 1450–1499', 'images/explorers/john-cabot.jpg', 'https://ru.wikipedia.org/wiki/%D0%9A%D0%B0%D0%B1%D0%BE%D1%82%2C_%D0%94%D0%B6%D0%BE%D0%BD');
INSERT INTO explorers (id, name, country, flag, years, image, source) VALUES (8, 'Васко да Гама', 'Португалия', '🇵🇹', 'ок. 1460–1524', 'images/explorers/vasco-da-gama.jpg', 'https://ru.wikipedia.org/wiki/%D0%92%D0%B0%D1%81%D0%BA%D0%BE_%D0%B4%D0%B0_%D0%93%D0%B0%D0%BC%D0%B0');
INSERT INTO explorers (id, name, country, flag, years, image, source) VALUES (9, 'Америго Веспуччи', 'Италия', '🇮🇹', '1454–1512', 'images/explorers/amerigo-vespucci.jpg', 'https://ru.wikipedia.org/wiki/%D0%92%D0%B5%D1%81%D0%BF%D1%83%D1%87%D1%87%D0%B8%2C_%D0%90%D0%BC%D0%B5%D1%80%D0%B8%D0%B3%D0%BE');
INSERT INTO explorers (id, name, country, flag, years, image, source) VALUES (10, 'Педру Алвариш Кабрал', 'Португалия', '🇵🇹', 'ок. 1467–1520', 'images/explorers/pedro-cabral.jpg', 'https://ru.wikipedia.org/wiki/%D0%9A%D0%B0%D0%B1%D1%80%D0%B0%D0%BB%2C_%D0%9F%D0%B5%D0%B4%D1%80%D1%83');
INSERT INTO explorers (id, name, country, flag, years, image, source) VALUES (11, 'Васко Нуньес де Бальбоа', 'Испания', '🇪🇸', '1475–1519', 'images/explorers/vasco-nunez-de-balboa.jpg', 'https://ru.wikipedia.org/wiki/%D0%9D%D1%83%D0%BD%D1%8C%D0%B5%D1%81_%D0%B4%D0%B5_%D0%91%D0%B0%D0%BB%D1%8C%D0%B1%D0%BE%D0%B0%2C_%D0%92%D0%B0%D1%81%D0%BA%D0%BE');
INSERT INTO explorers (id, name, country, flag, years, image, source) VALUES (12, 'Фернан Магеллан', 'Португалия / Испания', '🇵🇹 🇪🇸', '1480–1521', 'images/explorers/ferdinand-magellan.jpg', 'https://ru.wikipedia.org/wiki/%D0%9C%D0%B0%D0%B3%D0%B5%D0%BB%D0%BB%D0%B0%D0%BD%2C_%D0%A4%D0%B5%D1%80%D0%BD%D0%B0%D0%BD');
INSERT INTO explorers (id, name, country, flag, years, image, source) VALUES (13, 'Джованни да Верраццано', 'Италия / Франция', '🇮🇹 🇫🇷', '1485–1528', 'images/explorers/giovanni-verrazzano.jpg', 'https://ru.wikipedia.org/wiki/%D0%92%D0%B5%D1%80%D1%80%D0%B0%D1%86%D1%86%D0%B0%D0%BD%D0%BE%2C_%D0%94%D0%B6%D0%BE%D0%B2%D0%B0%D0%BD%D0%BD%D0%B8_%D0%B4%D0%B0');
INSERT INTO explorers (id, name, country, flag, years, image, source) VALUES (14, 'Жак Картье', 'Франция', '🇫🇷', '1491–1557', 'images/explorers/jacques-cartier.jpg', 'https://ru.wikipedia.org/wiki/%D0%9A%D0%B0%D1%80%D1%82%D1%8C%D0%B5%2C_%D0%96%D0%B0%D0%BA');
INSERT INTO explorers (id, name, country, flag, years, image, source) VALUES (15, 'Хуан Родригес Кабрильо', 'Испания', '🇪🇸', 'ок. 1499–1543', 'images/explorers/juan-rodriguez-cabrillo.jpg', 'https://ru.wikipedia.org/wiki/%D0%A0%D0%BE%D0%B4%D1%80%D0%B8%D0%B3%D0%B5%D1%81_%D0%9A%D0%B0%D0%B1%D1%80%D0%B8%D0%BB%D1%8C%D0%BE%2C_%D0%A5%D1%83%D0%B0%D0%BD');
INSERT INTO explorers (id, name, country, flag, years, image, source) VALUES (16, 'Фрэнсис Дрейк', 'Англия', '🏴', 'ок. 1540–1596', 'images/explorers/francis-drake.jpg', 'https://ru.wikipedia.org/wiki/%D0%94%D1%80%D0%B5%D0%B9%D0%BA%2C_%D0%A4%D1%80%D1%8D%D0%BD%D1%81%D0%B8%D1%81');
INSERT INTO explorers (id, name, country, flag, years, image, source) VALUES (17, 'Виллем Баренц', 'Нидерланды', '🇳🇱', 'ок. 1550–1597', 'images/explorers/willem-barentsz.png', 'https://ru.wikipedia.org/wiki/%D0%92%D0%B8%D0%BB%D0%BB%D0%B5%D0%BC_%D0%91%D0%B0%D1%80%D0%B5%D0%BD%D1%86');
INSERT INTO explorers (id, name, country, flag, years, image, source) VALUES (18, 'Виллем Янсзон', 'Нидерланды', '🇳🇱', 'ок. 1570–1630', 'images/explorers/willem-janszoon.jpg', 'https://ru.wikipedia.org/wiki/%D0%AF%D0%BD%D1%81%D0%B7%D0%BE%D0%BD%2C_%D0%92%D0%B8%D0%BB%D0%BB%D0%B5%D0%BC');
INSERT INTO explorers (id, name, country, flag, years, image, source) VALUES (19, 'Генри Гудзон', 'Англия', '🏴', 'ок. 1565–1611', 'images/explorers/henry-hudson.jpg', 'https://ru.wikipedia.org/wiki/%D0%93%D1%83%D0%B4%D0%B7%D0%BE%D0%BD%2C_%D0%93%D0%B5%D0%BD%D1%80%D0%B8');
INSERT INTO explorers (id, name, country, flag, years, image, source) VALUES (20, 'Виллем Схаутен', 'Нидерланды', '🇳🇱', 'ок. 1567–1625', 'images/explorers/willem-schouten.png', 'https://ru.wikipedia.org/wiki/%D0%A1%D1%85%D0%B0%D1%83%D1%82%D0%B5%D0%BD%2C_%D0%92%D0%B8%D0%BB%D0%BB%D0%B5%D0%BC_%D0%9A%D0%BE%D1%80%D0%BD%D0%B5%D0%BB%D0%B8%D1%81');
INSERT INTO explorers (id, name, country, flag, years, image, source) VALUES (21, 'Абел Тасман', 'Нидерланды', '🇳🇱', '1603–1659', 'images/explorers/abel-tasman.jpg', 'https://ru.wikipedia.org/wiki/%D0%A2%D0%B0%D1%81%D0%BC%D0%B0%D0%BD%2C_%D0%90%D0%B1%D0%B5%D0%BB%D1%8C_%D0%AF%D0%BD%D1%81%D0%B7%D0%BE%D0%BD');
INSERT INTO explorers (id, name, country, flag, years, image, source) VALUES (22, 'Семён Дежнёв', 'Россия', '🇷🇺', 'ок. 1605–1673', 'images/explorers/semyon-dezhnev.jpg', 'https://ru.wikipedia.org/wiki/%D0%94%D0%B5%D0%B6%D0%BD%D1%91%D0%B2%2C_%D0%A1%D0%B5%D0%BC%D1%91%D0%BD_%D0%98%D0%B2%D0%B0%D0%BD%D0%BE%D0%B2%D0%B8%D1%87');
INSERT INTO explorers (id, name, country, flag, years, image, source) VALUES (23, 'Витус Беринг', 'Дания / Россия', '🇩🇰 🇷🇺', '1681–1741', 'images/explorers/vitus-bering.jpg', 'https://ru.wikipedia.org/wiki/%D0%91%D0%B5%D1%80%D0%B8%D0%BD%D0%B3%2C_%D0%92%D0%B8%D1%82%D1%83%D1%81_%D0%98%D0%BE%D0%BD%D0%B0%D1%81%D1%81%D0%B5%D0%BD');
INSERT INTO explorers (id, name, country, flag, years, image, source) VALUES (24, 'Алексей Чириков', 'Россия', '🇷🇺', '1703–1748', 'images/explorers/alexey-chirikov.jpg', 'https://ru.wikipedia.org/wiki/%D0%A7%D0%B8%D1%80%D0%B8%D0%BA%D0%BE%D0%B2%2C_%D0%90%D0%BB%D0%B5%D0%BA%D1%81%D0%B5%D0%B9_%D0%98%D0%BB%D1%8C%D0%B8%D1%87');
INSERT INTO explorers (id, name, country, flag, years, image, source) VALUES (25, 'Джеймс Кук', 'Великобритания', '🇬🇧', '1728–1779', 'images/explorers/james-cook.jpg', 'https://ru.wikipedia.org/wiki/%D0%9A%D1%83%D0%BA%2C_%D0%94%D0%B6%D0%B5%D0%B9%D0%BC%D1%81');
INSERT INTO explorers (id, name, country, flag, years, image, source) VALUES (26, 'Жан-Франсуа Лаперуз', 'Франция', '🇫🇷', '1741–1788', 'images/explorers/laperouse.jpg', 'https://ru.wikipedia.org/wiki/%D0%9B%D0%B0%D0%BF%D0%B5%D1%80%D1%83%D0%B7%2C_%D0%96%D0%B0%D0%BD-%D0%A4%D1%80%D0%B0%D0%BD%D1%81%D1%83%D0%B0_%D0%B4%D0%B5');
INSERT INTO explorers (id, name, country, flag, years, image, source) VALUES (27, 'Александр Гумбольдт', 'Германия', '🇩🇪', '1769–1859', 'images/explorers/alexander-humboldt.jpg', 'https://ru.wikipedia.org/wiki/%D0%93%D1%83%D0%BC%D0%B1%D0%BE%D0%BB%D1%8C%D0%B4%D1%82%2C_%D0%90%D0%BB%D0%B5%D0%BA%D1%81%D0%B0%D0%BD%D0%B4%D1%80_%D1%84%D0%BE%D0%BD');
INSERT INTO explorers (id, name, country, flag, years, image, source) VALUES (28, 'Иван Крузенштерн', 'Россия', '🇷🇺', '1770–1846', 'images/explorers/ivan-krusenstern.jpg', 'https://ru.wikipedia.org/wiki/%D0%9A%D1%80%D1%83%D0%B7%D0%B5%D0%BD%D1%88%D1%82%D0%B5%D1%80%D0%BD%2C_%D0%98%D0%B2%D0%B0%D0%BD_%D0%A4%D1%91%D0%B4%D0%BE%D1%80%D0%BE%D0%B2%D0%B8%D1%87');
INSERT INTO explorers (id, name, country, flag, years, image, source) VALUES (29, 'Мериуэзер Льюис и Уильям Кларк', 'США', '🇺🇸', '1774–1809 / 1770–1838', 'images/explorers/lewis-and-clark.jpg', 'https://ru.wikipedia.org/wiki/%D0%9B%D1%8C%D1%8E%D0%B8%D1%81%2C_%D0%9C%D0%B5%D1%80%D0%B8%D1%83%D1%8D%D0%B7%D0%B5%D1%80');
INSERT INTO explorers (id, name, country, flag, years, image, source) VALUES (30, 'Джон Франклин', 'Великобритания', '🇬🇧', '1786–1847', 'images/explorers/john-franklin.jpg', 'https://ru.wikipedia.org/wiki/%D0%A4%D1%80%D0%B0%D0%BD%D0%BA%D0%BB%D0%B8%D0%BD%2C_%D0%94%D0%B6%D0%BE%D0%BD');
INSERT INTO explorers (id, name, country, flag, years, image, source) VALUES (31, 'Фаддей Беллинсгаузен и Михаил Лазарев', 'Россия', '🇷🇺', '1778–1852 / 1788–1851', 'images/explorers/bellingshausen-lazarev.jpg', 'https://ru.wikipedia.org/wiki/%D0%91%D0%B5%D0%BB%D0%BB%D0%B8%D0%BD%D1%81%D0%B3%D0%B0%D1%83%D0%B7%D0%B5%D0%BD%2C_%D0%A4%D0%B0%D0%B4%D0%B4%D0%B5%D0%B9_%D0%A4%D0%B0%D0%B4%D0%B4%D0%B5%D0%B5%D0%B2%D0%B8%D1%87');
INSERT INTO explorers (id, name, country, flag, years, image, source) VALUES (32, 'Чарльз Стерт', 'Великобритания', '🇬🇧', '1795–1869', 'images/explorers/charles-sturt.jpg', 'https://ru.wikipedia.org/wiki/%D0%A1%D1%82%D0%B5%D1%80%D1%82%2C_%D0%A7%D0%B0%D1%80%D0%BB%D0%B7');
INSERT INTO explorers (id, name, country, flag, years, image, source) VALUES (33, 'Джеймс Кларк Росс', 'Великобритания', '🇬🇧', '1800–1862', 'images/explorers/james-clark-ross.jpg', 'https://ru.wikipedia.org/wiki/%D0%A0%D0%BE%D1%81%D1%81%2C_%D0%94%D0%B6%D0%B5%D0%B9%D0%BC%D1%81_%D0%9A%D0%BB%D0%B0%D1%80%D0%BA');
INSERT INTO explorers (id, name, country, flag, years, image, source) VALUES (34, 'Давид Ливингстон', 'Великобритания', '🇬🇧', '1813–1873', 'images/explorers/david-livingstone.jpg', 'https://ru.wikipedia.org/wiki/%D0%9B%D0%B8%D0%B2%D0%B8%D0%BD%D0%B3%D1%81%D1%82%D0%BE%D0%BD%2C_%D0%94%D0%B0%D0%B2%D0%B8%D0%B4');
INSERT INTO explorers (id, name, country, flag, years, image, source) VALUES (35, 'Джон Хеннинг Спик', 'Великобритания', '🇬🇧', '1827–1864', 'images/explorers/john-hanning-speke.jpg', 'https://ru.wikipedia.org/wiki/%D0%A1%D0%BF%D0%B8%D0%BA%2C_%D0%94%D0%B6%D0%BE%D0%BD_%D0%A5%D0%B5%D0%BD%D0%BD%D0%B8%D0%BD%D0%B3');
INSERT INTO explorers (id, name, country, flag, years, image, source) VALUES (36, 'Роберт Бёрк и Уильям Уиллс', 'Австралия / Великобритания', '🇦🇺 🇬🇧', '1821–1861 / 1834–1861', 'images/explorers/burke-and-wills.jpg', 'https://ru.wikipedia.org/wiki/%D0%91%D1%91%D1%80%D0%BA%D1%81%2C_%D0%A0%D0%BE%D0%B1%D0%B5%D1%80%D1%82');
INSERT INTO explorers (id, name, country, flag, years, image, source) VALUES (37, 'Генри Стэнли', 'Великобритания / США', '🇬🇧 🇺🇸', '1841–1904', 'images/explorers/henry-stanley.jpg', 'https://ru.wikipedia.org/wiki/%D0%A1%D1%82%D1%8D%D0%BD%D0%BB%D0%B8%2C_%D0%93%D0%B5%D0%BD%D1%80%D0%B8_%D0%9C%D0%BE%D1%80%D1%82%D0%BE%D0%BD');
INSERT INTO explorers (id, name, country, flag, years, image, source) VALUES (38, 'Адольф Эрик Норденшёльд', 'Швеция', '🇸🇪', '1832–1901', 'images/explorers/adolf-erik-nordenskiold.jpg', 'https://ru.wikipedia.org/wiki/%D0%9D%D0%BE%D1%80%D0%B4%D0%B5%D0%BD%D1%88%D0%B5%D0%BB%D1%8C%D0%B4%2C_%D0%90%D0%B4%D0%BE%D0%BB%D1%8C%D1%84_%D0%AD%D1%80%D0%B8%D0%BA');
INSERT INTO explorers (id, name, country, flag, years, image, source) VALUES (39, 'Фритьоф Нансен', 'Норвегия', '🇳🇴', '1861–1930', 'images/explorers/fridtjof-nansen.jpg', 'https://ru.wikipedia.org/wiki/%D0%9D%D0%B0%D0%BD%D1%81%D0%B5%D0%BD%2C_%D0%A4%D1%80%D0%B8%D1%82%D1%8C%D0%BE%D1%84');
INSERT INTO explorers (id, name, country, flag, years, image, source) VALUES (40, 'Адриен де Жерлаш', 'Бельгия', '🇧🇪', '1866–1934', 'images/explorers/adrien-de-gerlache.jpg', 'https://ru.wikipedia.org/wiki/%D0%96%D0%B5%D1%80%D0%BB%D0%B0%D1%88%2C_%D0%90%D0%B4%D1%80%D0%B8%D0%B5%D0%BD_%D0%B4%D0%B5');
INSERT INTO explorers (id, name, country, flag, years, image, source) VALUES (41, 'Роберт Пири', 'США', '🇺🇸', '1856–1920', 'images/explorers/robert-peary.jpg', 'https://ru.wikipedia.org/wiki/%D0%9F%D0%B8%D1%80%D0%B8%2C_%D0%A0%D0%BE%D0%B1%D0%B5%D1%80%D1%82');
INSERT INTO explorers (id, name, country, flag, years, image, source) VALUES (42, 'Руаль Амундсен', 'Норвегия', '🇳🇴', '1872–1928', 'images/explorers/roald-amundsen.jpg', 'https://ru.wikipedia.org/wiki/%D0%90%D0%BC%D1%83%D0%BD%D0%B4%D1%81%D0%B5%D0%BD%2C_%D0%A0%D1%83%D0%B0%D0%BB%D1%8C');
INSERT INTO explorers (id, name, country, flag, years, image, source) VALUES (43, 'Роберт Скотт', 'Великобритания', '🇬🇧', '1868–1912', 'images/explorers/robert-scott.jpg', 'https://ru.wikipedia.org/wiki/%D0%A1%D0%BA%D0%BE%D1%82%D1%82%2C_%D0%A0%D0%BE%D0%B1%D0%B5%D1%80%D1%82');

-- discoveries (53)
INSERT INTO discoveries (id, year, title, explorer_id, location, lat, lng, description, source) VALUES ('982|Открытие Гренландии', 982, 'Открытие Гренландии', 1, 'Гренландия', 64.1814, -51.6941, 'Эрик Рыжий достиг Гренландии и основал там скандинавские поселения. Э́рик Ры́жий (950—1003), также известный как: Эйрик Рауда, Эйрик Рыжий, Эйрик Торвальдсон — скандинавский мореплаватель и первооткрыватель, основавший первое поселение в Гренландии.', 'https://ru.wikipedia.org/wiki/%D0%AD%D1%80%D0%B8%D0%BA_%D0%A0%D1%8B%D0%B6%D0%B8%D0%B9');
INSERT INTO discoveries (id, year, title, explorer_id, location, lat, lng, description, source) VALUES ('1000|Плавание к Винланду', 1000, 'Плавание к Винланду', 2, 'Северная Америка', 51.5953, -55.5333, 'Лейф Эрикссон считается одним из первых европейцев, достигших берегов Северной Америки. Лейф Э́рикссон Счастли́вый — древнескандинавский исследователь из Исландии.', 'https://ru.wikipedia.org/wiki/%D0%9B%D0%B5%D0%B9%D1%84');
INSERT INTO discoveries (id, year, title, explorer_id, location, lat, lng, description, source) VALUES ('1271|Путешествие Марко Поло в Азию', 1271, 'Путешествие Марко Поло в Азию', 3, 'Китай', 39.9042, 116.4074, 'Марко Поло совершил путешествие в Азию, описания которого значительно расширили европейские представления о Востоке. Ма́рко По́ло — венецианский купец и путешественник, представивший историю своего путешествия по Азии в «Книге о разнообразии мира».', 'https://ru.wikipedia.org/wiki/%D0%9F%D0%BE%D0%BB%D0%BE%2C_%D0%9C%D0%B0%D1%80%D0%BA%D0%BE');
INSERT INTO discoveries (id, year, title, explorer_id, location, lat, lng, description, source) VALUES ('1415|Начало португальских морских экспедиций', 1415, 'Начало португальских морских экспедиций', 4, 'Западная Африка', 32.6669, -16.9241, 'Португальские экспедиции вдоль побережья Африки стали началом активной эпохи морских географических открытий. Ге́нрих Морепла́ватель — инфант Португалии, сын короля Жуана I, организатор многих португальских морских экспедиций на юг от Мавритании вдоль западноафриканского побережья.', 'https://ru.wikipedia.org/wiki/%D0%93%D0%B5%D0%BD%D1%80%D0%B8%D1%85_%D0%9C%D0%BE%D1%80%D0%B5%D0%BF%D0%BB%D0%B0%D0%B2%D0%B0%D1%82%D0%B5%D0%BB%D1%8C');
INSERT INTO discoveries (id, year, title, explorer_id, location, lat, lng, description, source) VALUES ('1488|Открытие мыса Доброй Надежды', 1488, 'Открытие мыса Доброй Надежды', 5, 'Юг Африки', -34.3568, 18.474, 'Бартоломеу Диаш обогнул южную оконечность Африки, открыв путь из Атлантического океана в Индийский. Бартоломе́у Ди́аш де Нова́иш — португальский мореплаватель.', 'https://ru.wikipedia.org/wiki/%D0%94%D0%B8%D0%B0%D1%88%2C_%D0%91%D0%B0%D1%80%D1%82%D0%BE%D0%BB%D0%BE%D0%BC%D0%B5%D1%83');
INSERT INTO discoveries (id, year, title, explorer_id, location, lat, lng, description, source) VALUES ('1492|Открытие Америки', 1492, 'Открытие Америки', 6, 'Карибские острова', 24.5, -75, 'Экспедиция Христофора Колумба достигла островов Карибского моря. Это событие стало одним из ключевых моментов эпохи Великих географических открытий.', 'https://ru.wikipedia.org/wiki/%D0%9A%D0%BE%D0%BB%D1%83%D0%BC%D0%B1%2C_%D0%A5%D1%80%D0%B8%D1%81%D1%82%D0%BE%D1%84%D0%BE%D1%80');
INSERT INTO discoveries (id, year, title, explorer_id, location, lat, lng, description, source) VALUES ('1497|Достижение берегов Северной Америки', 1497, 'Достижение берегов Северной Америки', 7, 'Ньюфаундленд', 48.5417, -56.125, 'Джон Кабот достиг берегов Северной Америки, что стало важным этапом английских географических исследований. Джон Ка́бот — итальянский и французский мореплаватель и купец на английской службе, впервые исследовавший побережье Канады.', 'https://ru.wikipedia.org/wiki/%D0%9A%D0%B0%D0%B1%D0%BE%D1%82%2C_%D0%94%D0%B6%D0%BE%D0%BD');
INSERT INTO discoveries (id, year, title, explorer_id, location, lat, lng, description, source) VALUES ('1498|Морской путь в Индию', 1498, 'Морской путь в Индию', 8, 'Каликут, Индия', 11.25, 75.7667, 'Васко да Гама достиг Индии морским путём вокруг Африки. Это открытие усилило торговые связи Европы с Азией. Ва́ско да Га́ма — португальский мореплаватель эпохи Великих географических открытий.', 'https://ru.wikipedia.org/wiki/%D0%92%D0%B0%D1%81%D0%BA%D0%BE_%D0%B4%D0%B0_%D0%93%D0%B0%D0%BC%D0%B0');
INSERT INTO discoveries (id, year, title, explorer_id, location, lat, lng, description, source) VALUES ('1499|Исследование побережья Южной Америки', 1499, 'Исследование побережья Южной Америки', 9, 'Побережье Южной Америки', -5, -35, 'Америго Веспуччи исследовал побережье Южной Америки. Его описания сыграли большую роль в понимании того, что открытые земли являются отдельным континентом.', 'https://ru.wikipedia.org/wiki/%D0%92%D0%B5%D1%81%D0%BF%D1%83%D1%87%D1%87%D0%B8%2C_%D0%90%D0%BC%D0%B5%D1%80%D0%B8%D0%B3%D0%BE');
INSERT INTO discoveries (id, year, title, explorer_id, location, lat, lng, description, source) VALUES ('1500|Открытие Бразилии', 1500, 'Открытие Бразилии', 10, 'Бразилия', -16, -39, 'Педру Алвариш Кабрал достиг берегов Бразилии во время плавания к Индии. Пе́дру А́лвариш (А́лварес) Кабра́л (порт. Pedro Álvares Cabral — португальский дворянин, военачальник, капитан и исследователь.', 'https://ru.wikipedia.org/wiki/%D0%9A%D0%B0%D0%B1%D1%80%D0%B0%D0%BB%2C_%D0%9F%D0%B5%D0%B4%D1%80%D1%83');
INSERT INTO discoveries (id, year, title, explorer_id, location, lat, lng, description, source) VALUES ('1513|Открытие Тихого океана', 1513, 'Открытие Тихого океана', 11, 'Панамский перешеек', 9, -79, 'Бальбоа пересёк Панамский перешеек и стал одним из первых европейцев, увидевших воды Тихого океана с американского континента.', 'https://ru.wikipedia.org/wiki/%D0%9D%D1%83%D0%BD%D1%8C%D0%B5%D1%81_%D0%B4%D0%B5_%D0%91%D0%B0%D0%BB%D1%8C%D0%B1%D0%BE%D0%B0%2C_%D0%92%D0%B0%D1%81%D0%BA%D0%BE');
INSERT INTO discoveries (id, year, title, explorer_id, location, lat, lng, description, source) VALUES ('1519|Начало кругосветной экспедиции', 1519, 'Начало кругосветной экспедиции', 12, 'Испания', 40.2, -3.5, 'Экспедиция Фернана Магеллана стала первым путешествием, доказавшим возможность кругосветного плавания. Ферна́н Магелла́н — португальский и испанский мореплаватель с титулом аделантадо.', 'https://ru.wikipedia.org/wiki/%D0%9C%D0%B0%D0%B3%D0%B5%D0%BB%D0%BB%D0%B0%D0%BD%2C_%D0%A4%D0%B5%D1%80%D0%BD%D0%B0%D0%BD');
INSERT INTO discoveries (id, year, title, explorer_id, location, lat, lng, description, source) VALUES ('1520|Открытие Магелланова пролива', 1520, 'Открытие Магелланова пролива', 12, 'Юг Южной Америки', -52.637, -70.918, 'Магеллан обнаружил пролив, соединяющий Атлантический и Тихий океаны. Позднее этот пролив получил его имя. Ферна́н Магелла́н — португальский и испанский мореплаватель с титулом аделантадо.', 'https://ru.wikipedia.org/wiki/%D0%9C%D0%B0%D0%B3%D0%B5%D0%BB%D0%BB%D0%B0%D0%BD%2C_%D0%A4%D0%B5%D1%80%D0%BD%D0%B0%D0%BD');
INSERT INTO discoveries (id, year, title, explorer_id, location, lat, lng, description, source) VALUES ('1521|Достижение Филиппин', 1521, 'Достижение Филиппин', 12, 'Филиппины', 12.8, 122.05, 'Экспедиция Магеллана достигла Филиппин во время первого кругосветного плавания. Ферна́н Магелла́н — португальский и испанский мореплаватель с титулом аделантадо.', 'https://ru.wikipedia.org/wiki/%D0%9C%D0%B0%D0%B3%D0%B5%D0%BB%D0%BB%D0%B0%D0%BD%2C_%D0%A4%D0%B5%D1%80%D0%BD%D0%B0%D0%BD');
INSERT INTO discoveries (id, year, title, explorer_id, location, lat, lng, description, source) VALUES ('1524|Исследование восточного побережья Северной Америки', 1524, 'Исследование восточного побережья Северной Америки', 13, 'Восточное побережье Северной Америки', 40.7128, -74.006, 'Верраццано исследовал часть восточного побережья Северной Америки, включая район современного Нью-Йорка. Джова́нни да Веррацца́но — итальянский мореплаватель на французской службе, который первым из европейцев проплыл вдоль восточного побережья Северной Америки вплоть до Нью-Йоркской бухты и залива Наррагансетт.', 'https://ru.wikipedia.org/wiki/%D0%92%D0%B5%D1%80%D1%80%D0%B0%D1%86%D1%86%D0%B0%D0%BD%D0%BE%2C_%D0%94%D0%B6%D0%BE%D0%B2%D0%B0%D0%BD%D0%BD%D0%B8_%D0%B4%D0%B0');
INSERT INTO discoveries (id, year, title, explorer_id, location, lat, lng, description, source) VALUES ('1534|Исследование реки Святого Лаврентия', 1534, 'Исследование реки Святого Лаврентия', 14, 'Канада', 46.8139, -71.208, 'Жак Картье исследовал район реки Святого Лаврентия, что стало важным этапом французских исследований Северной Америки. Жак Картье́ — бретонский мореплаватель, положивший начало французской колонизации Северной Америки.', 'https://ru.wikipedia.org/wiki/%D0%9A%D0%B0%D1%80%D1%82%D1%8C%D0%B5%2C_%D0%96%D0%B0%D0%BA');
INSERT INTO discoveries (id, year, title, explorer_id, location, lat, lng, description, source) VALUES ('1542|Исследование Калифорнии', 1542, 'Исследование Калифорнии', 15, 'Калифорния', 37, -120, 'Хуан Родригес Кабрильо исследовал побережье Калифорнии, расширив знания европейцев о западном побережье Северной Америки.', 'https://ru.wikipedia.org/wiki/%D0%A0%D0%BE%D0%B4%D1%80%D0%B8%D0%B3%D0%B5%D1%81_%D0%9A%D0%B0%D0%B1%D1%80%D0%B8%D0%BB%D1%8C%D0%BE%2C_%D0%A5%D1%83%D0%B0%D0%BD');
INSERT INTO discoveries (id, year, title, explorer_id, location, lat, lng, description, source) VALUES ('1577|Кругосветное плавание Фрэнсиса Дрейка', 1577, 'Кругосветное плавание Фрэнсиса Дрейка', 16, 'Тихий океан', -13, -76, 'Фрэнсис Дрейк совершил одно из первых кругосветных плаваний после экспедиции Магеллана. Фрэнсис Дрейк — английский капитан, капер, военно-морской офицер и исследователь.', 'https://ru.wikipedia.org/wiki/%D0%94%D1%80%D0%B5%D0%B9%D0%BA%2C_%D0%A4%D1%80%D1%8D%D0%BD%D1%81%D0%B8%D1%81');
INSERT INTO discoveries (id, year, title, explorer_id, location, lat, lng, description, source) VALUES ('1594|Поиски Северо-Восточного прохода', 1594, 'Поиски Северо-Восточного прохода', 17, 'Арктика', 76, 60, 'Виллем Баренц исследовал арктические моря в поисках северного пути в Азию. Ви́ллем Ба́ренц — голландский мореплаватель и исследователь.', 'https://ru.wikipedia.org/wiki/%D0%92%D0%B8%D0%BB%D0%BB%D0%B5%D0%BC_%D0%91%D0%B0%D1%80%D0%B5%D0%BD%D1%86');
INSERT INTO discoveries (id, year, title, explorer_id, location, lat, lng, description, source) VALUES ('1606|Первые европейские исследования Австралии', 1606, 'Первые европейские исследования Австралии', 18, 'Север Австралии', -12.5, 141.5, 'Виллем Янсзон считается одним из первых европейцев, достигших берегов Австралии. Ви́ллем Я́нсзон — голландский мореплаватель и колониальный чиновник.', 'https://ru.wikipedia.org/wiki/%D0%AF%D0%BD%D1%81%D0%B7%D0%BE%D0%BD%2C_%D0%92%D0%B8%D0%BB%D0%BB%D0%B5%D0%BC');
INSERT INTO discoveries (id, year, title, explorer_id, location, lat, lng, description, source) VALUES ('1609|Исследование реки Гудзон', 1609, 'Исследование реки Гудзон', 19, 'Нью-Йорк', 40.7283, -73.9942, 'Генри Гудзон исследовал реку, которая позже получила его имя. Ге́нри Гудзо́н (Ха́дсон) — английский мореплаватель начала XVII века.', 'https://ru.wikipedia.org/wiki/%D0%93%D1%83%D0%B4%D0%B7%D0%BE%D0%BD%2C_%D0%93%D0%B5%D0%BD%D1%80%D0%B8');
INSERT INTO discoveries (id, year, title, explorer_id, location, lat, lng, description, source) VALUES ('1610|Исследование Гудзонова залива', 1610, 'Исследование Гудзонова залива', 19, 'Гудзонов залив', 60, -85, 'Генри Гудзон исследовал северные воды Америки, включая район Гудзонова залива. Ге́нри Гудзо́н (Ха́дсон) — английский мореплаватель начала XVII века.', 'https://ru.wikipedia.org/wiki/%D0%93%D1%83%D0%B4%D0%B7%D0%BE%D0%BD%2C_%D0%93%D0%B5%D0%BD%D1%80%D0%B8');
INSERT INTO discoveries (id, year, title, explorer_id, location, lat, lng, description, source) VALUES ('1616|Открытие мыса Горн', 1616, 'Открытие мыса Горн', 20, 'Мыс Горн', -55.98, -67.2892, 'Виллем Схаутен и Якоб Лемер открыли морской путь вокруг южной оконечности Южной Америки. Ви́ллем Корне́лис Сха́утен — голландский мореплаватель.', 'https://ru.wikipedia.org/wiki/%D0%A1%D1%85%D0%B0%D1%83%D1%82%D0%B5%D0%BD%2C_%D0%92%D0%B8%D0%BB%D0%BB%D0%B5%D0%BC_%D0%9A%D0%BE%D1%80%D0%BD%D0%B5%D0%BB%D0%B8%D1%81');
INSERT INTO discoveries (id, year, title, explorer_id, location, lat, lng, description, source) VALUES ('1642|Открытие Тасмании', 1642, 'Открытие Тасмании', 21, 'Тасмания', -42, 147, 'Абел Тасман достиг острова, который позже получил название Тасмания. А́бел(ь) Янсзон Та́сман — голландский мореплаватель, исследователь и купец.', 'https://ru.wikipedia.org/wiki/%D0%A2%D0%B0%D1%81%D0%BC%D0%B0%D0%BD%2C_%D0%90%D0%B1%D0%B5%D0%BB%D1%8C_%D0%AF%D0%BD%D1%81%D0%B7%D0%BE%D0%BD');
INSERT INTO discoveries (id, year, title, explorer_id, location, lat, lng, description, source) VALUES ('1642|Исследование Новой Зеландии', 1642, 'Исследование Новой Зеландии', 21, 'Новая Зеландия', -41.5833, 173.05, 'Экспедиция Абела Тасмана стала одной из первых европейских экспедиций, достигших берегов Новой Зеландии. А́бел(ь) Янсзон Та́сман — голландский мореплаватель, исследователь и купец.', 'https://ru.wikipedia.org/wiki/%D0%A2%D0%B0%D1%81%D0%BC%D0%B0%D0%BD%2C_%D0%90%D0%B1%D0%B5%D0%BB%D1%8C_%D0%AF%D0%BD%D1%81%D0%B7%D0%BE%D0%BD');
INSERT INTO discoveries (id, year, title, explorer_id, location, lat, lng, description, source) VALUES ('1648|Проход между Азией и Америкой', 1648, 'Проход между Азией и Америкой', 22, 'Берингов пролив', 65.9725, -168.7917, 'Семён Дежнёв прошёл морским путём между Азией и Северной Америкой, доказав наличие пролива между материками. Семён Ива́нович Дежнёв — русский путешественник, землепроходец, мореход, исследователь Северной и Восточной Сибири и Северной Америки, якутский атаман, торговец пушниной.', 'https://ru.wikipedia.org/wiki/%D0%94%D0%B5%D0%B6%D0%BD%D1%91%D0%B2%2C_%D0%A1%D0%B5%D0%BC%D1%91%D0%BD_%D0%98%D0%B2%D0%B0%D0%BD%D0%BE%D0%B2%D0%B8%D1%87');
INSERT INTO discoveries (id, year, title, explorer_id, location, lat, lng, description, source) VALUES ('1728|Исследование Берингова пролива', 1728, 'Исследование Берингова пролива', 23, 'Берингов пролив', 65.9725, -168.7917, 'Витус Беринг исследовал пролив между Азией и Северной Америкой в ходе Камчатской экспедиции. Ви́тус Ионассен Бе́ринг, также Ива́н Ива́нович Бе́ринг — русский мореплаватель датского происхождения, офицер российского флота, капитан-командор.', 'https://ru.wikipedia.org/wiki/%D0%91%D0%B5%D1%80%D0%B8%D0%BD%D0%B3%2C_%D0%92%D0%B8%D1%82%D1%83%D1%81_%D0%98%D0%BE%D0%BD%D0%B0%D1%81%D1%81%D0%B5%D0%BD');
INSERT INTO discoveries (id, year, title, explorer_id, location, lat, lng, description, source) VALUES ('1741|Открытие побережья Аляски', 1741, 'Открытие побережья Аляски', 23, 'Аляска', 58.3019, -134.4197, 'Экспедиция Витуса Беринга достигла берегов Аляски, что стало важным событием в исследовании северной части Тихого океана.', 'https://ru.wikipedia.org/wiki/%D0%91%D0%B5%D1%80%D0%B8%D0%BD%D0%B3%2C_%D0%92%D0%B8%D1%82%D1%83%D1%81_%D0%98%D0%BE%D0%BD%D0%B0%D1%81%D1%81%D0%B5%D0%BD');
INSERT INTO discoveries (id, year, title, explorer_id, location, lat, lng, description, source) VALUES ('1741|Исследование северо-западного побережья Америки', 1741, 'Исследование северо-западного побережья Америки', 24, 'Северо-запад Северной Америки', 55.3422, -131.6461, 'Алексей Чириков исследовал районы северо-западного побережья Северной Америки. Алексе́й Ильи́ч Чи́риков — русский дворянин, мореплаватель, капитан-командор (1747), исследователь северо-западного побережья Северной Америки, северной части Тихого океана и северо-восточного побережья Азии.', 'https://ru.wikipedia.org/wiki/%D0%A7%D0%B8%D1%80%D0%B8%D0%BA%D0%BE%D0%B2%2C_%D0%90%D0%BB%D0%B5%D0%BA%D1%81%D0%B5%D0%B9_%D0%98%D0%BB%D1%8C%D0%B8%D1%87');
INSERT INTO discoveries (id, year, title, explorer_id, location, lat, lng, description, source) VALUES ('1768|Первая экспедиция Джеймса Кука', 1768, 'Первая экспедиция Джеймса Кука', 25, 'Таити', -17.6667, -149.4667, 'Первая экспедиция Джеймса Кука была связана с научными наблюдениями и исследованием островов Тихого океана. Джеймс Кук — британский военный моряк, путешественник-исследователь, картограф и первооткрыватель, член Королевского общества (1776) и капитан Королевских ВМС.', 'https://ru.wikipedia.org/wiki/%D0%9A%D1%83%D0%BA%2C_%D0%94%D0%B6%D0%B5%D0%B9%D0%BC%D1%81');
INSERT INTO discoveries (id, year, title, explorer_id, location, lat, lng, description, source) VALUES ('1770|Исследование восточного побережья Австралии', 1770, 'Исследование восточного побережья Австралии', 25, 'Австралия', -33.8688, 151.2093, 'Джеймс Кук исследовал восточное побережье Австралии и нанёс его на карту. Джеймс Кук — британский военный моряк, путешественник-исследователь, картограф и первооткрыватель, член Королевского общества (1776) и капитан Королевских ВМС.', 'https://ru.wikipedia.org/wiki/%D0%9A%D1%83%D0%BA%2C_%D0%94%D0%B6%D0%B5%D0%B9%D0%BC%D1%81');
INSERT INTO discoveries (id, year, title, explorer_id, location, lat, lng, description, source) VALUES ('1778|Исследование Гавайских островов', 1778, 'Исследование Гавайских островов', 25, 'Гавайские острова', 21.3114, -157.7964, 'Джеймс Кук исследовал Гавайские острова во время своей третьей экспедиции. Джеймс Кук — британский военный моряк, путешественник-исследователь, картограф и первооткрыватель, член Королевского общества (1776) и капитан Королевских ВМС.', 'https://ru.wikipedia.org/wiki/%D0%9A%D1%83%D0%BA%2C_%D0%94%D0%B6%D0%B5%D0%B9%D0%BC%D1%81');
INSERT INTO discoveries (id, year, title, explorer_id, location, lat, lng, description, source) VALUES ('1785|Экспедиция Лаперуза', 1785, 'Экспедиция Лаперуза', 26, 'Тихий океан', 35.6762, 139.6503, 'Экспедиция Лаперуза внесла вклад в исследование Тихого океана и побережий Азии. Граф Жан-Франсуа́ де Гало́ де Лаперу́з — французский мореплаватель.', 'https://ru.wikipedia.org/wiki/%D0%9B%D0%B0%D0%BF%D0%B5%D1%80%D1%83%D0%B7%2C_%D0%96%D0%B0%D0%BD-%D0%A4%D1%80%D0%B0%D0%BD%D1%81%D1%83%D0%B0_%D0%B4%D0%B5');
INSERT INTO discoveries (id, year, title, explorer_id, location, lat, lng, description, source) VALUES ('1799|Исследование Южной Америки', 1799, 'Исследование Южной Америки', 27, 'Венесуэла', 7.6667, -65.2167, 'Александр Гумбольдт исследовал природу и географию Южной Америки, внёс большой вклад в развитие научной географии. Фридрих Вильгельм Генрих Алекса́ндр фон Гу́мбольдт — немецкий географ, натуралист и путешественник, один из основателей географии как самостоятельной науки; младший брат учёного Вильгельма фон Гумбольдта.', 'https://ru.wikipedia.org/wiki/%D0%93%D1%83%D0%BC%D0%B1%D0%BE%D0%BB%D1%8C%D0%B4%D1%82%2C_%D0%90%D0%BB%D0%B5%D0%BA%D1%81%D0%B0%D0%BD%D0%B4%D1%80_%D1%84%D0%BE%D0%BD');
INSERT INTO discoveries (id, year, title, explorer_id, location, lat, lng, description, source) VALUES ('1803|Первое русское кругосветное плавание', 1803, 'Первое русское кругосветное плавание', 28, 'Тихий океан', 59.9311, 30.3609, 'Экспедиция Ивана Крузенштерна стала первым русским кругосветным плаванием. Ива́н Фёдорович Крузенште́рн, А́дам Ио́ганн фон Кру́зенштерн — русский мореплаватель, возглавлявший в 1803—1806 годах первое русское кругосветное плавание.', 'https://ru.wikipedia.org/wiki/%D0%9A%D1%80%D1%83%D0%B7%D0%B5%D0%BD%D1%88%D1%82%D0%B5%D1%80%D0%BD%2C_%D0%98%D0%B2%D0%B0%D0%BD_%D0%A4%D1%91%D0%B4%D0%BE%D1%80%D0%BE%D0%B2%D0%B8%D1%87');
INSERT INTO discoveries (id, year, title, explorer_id, location, lat, lng, description, source) VALUES ('1804|Экспедиция Льюиса и Кларка', 1804, 'Экспедиция Льюиса и Кларка', 29, 'Северная Америка', 45.5152, -122.6784, 'Экспедиция Льюиса и Кларка исследовала западные территории Северной Америки. Мериуэ́зер Лью́ис — американский первопроходец, офицер и государственный служащий.', 'https://ru.wikipedia.org/wiki/%D0%9B%D1%8C%D1%8E%D0%B8%D1%81%2C_%D0%9C%D0%B5%D1%80%D0%B8%D1%83%D1%8D%D0%B7%D0%B5%D1%80');
INSERT INTO discoveries (id, year, title, explorer_id, location, lat, lng, description, source) VALUES ('1819|Экспедиция Джона Франклина', 1819, 'Экспедиция Джона Франклина', 30, 'Канадская Арктика', 68, -100, 'Джон Франклин участвовал в исследованиях арктических районов Северной Америки. Джон Фра́нклин — английский мореплаватель, исследователь Арктики, контр-адмирал.', 'https://ru.wikipedia.org/wiki/%D0%A4%D1%80%D0%B0%D0%BD%D0%BA%D0%BB%D0%B8%D0%BD%2C_%D0%94%D0%B6%D0%BE%D0%BD');
INSERT INTO discoveries (id, year, title, explorer_id, location, lat, lng, description, source) VALUES ('1820|Открытие Антарктиды', 1820, 'Открытие Антарктиды', 31, 'Антарктида', -69, 2, 'Русская экспедиция под руководством Беллинсгаузена и Лазарева впервые обнаружила берега Антарктиды. Фадде́й Фадде́евич Беллинсга́узен, имя при рождении Фабиан Готтлиб Беньямин фон Беллинсгаузен — русский мореплаватель, адмирал (1843), один из первооткрывателей Антарктиды.', 'https://ru.wikipedia.org/wiki/%D0%91%D0%B5%D0%BB%D0%BB%D0%B8%D0%BD%D1%81%D0%B3%D0%B0%D1%83%D0%B7%D0%B5%D0%BD%2C_%D0%A4%D0%B0%D0%B4%D0%B4%D0%B5%D0%B9_%D0%A4%D0%B0%D0%B4%D0%B4%D0%B5%D0%B5%D0%B2%D0%B8%D1%87');
INSERT INTO discoveries (id, year, title, explorer_id, location, lat, lng, description, source) VALUES ('1829|Исследование Австралии', 1829, 'Исследование Австралии', 32, 'Австралия', -34.9285, 138.6007, 'Чарльз Стерт исследовал внутренние районы Австралии и речные системы континента. Чарлз Нэпир Стерт — английский путешественник и колониальный деятель, исследователь Австралии.', 'https://ru.wikipedia.org/wiki/%D0%A1%D1%82%D0%B5%D1%80%D1%82%2C_%D0%A7%D0%B0%D1%80%D0%BB%D0%B7');
INSERT INTO discoveries (id, year, title, explorer_id, location, lat, lng, description, source) VALUES ('1841|Открытие моря Росса', 1841, 'Открытие моря Росса', 33, 'Антарктика', -75, 175, 'Джеймс Кларк Росс исследовал Антарктику и открыл море, названное его именем. Джеймс Кларк Росс — британский военный моряк, исследователь полярных районов, член Королевского географического общества с 1848 года.', 'https://ru.wikipedia.org/wiki/%D0%A0%D0%BE%D1%81%D1%81%2C_%D0%94%D0%B6%D0%B5%D0%B9%D0%BC%D1%81_%D0%9A%D0%BB%D0%B0%D1%80%D0%BA');
INSERT INTO discoveries (id, year, title, explorer_id, location, lat, lng, description, source) VALUES ('1849|Исследование Центральной Африки', 1849, 'Исследование Центральной Африки', 34, 'Африка', -17.9243, 25.8572, 'Давид Ливингстон исследовал районы Центральной и Южной Африки. Дави́д Ли́вингстон — шотландский миссионер, конгрегационалист, исследователь Африки.', 'https://ru.wikipedia.org/wiki/%D0%9B%D0%B8%D0%B2%D0%B8%D0%BD%D0%B3%D1%81%D1%82%D0%BE%D0%BD%2C_%D0%94%D0%B0%D0%B2%D0%B8%D0%B4');
INSERT INTO discoveries (id, year, title, explorer_id, location, lat, lng, description, source) VALUES ('1855|Открытие водопада Виктория для европейской науки', 1855, 'Открытие водопада Виктория для европейской науки', 34, 'Водопад Виктория', -17.9244, 25.8567, 'Ливингстон описал водопад Виктория, один из крупнейших водопадов мира. Дави́д Ли́вингстон — шотландский миссионер, конгрегационалист, исследователь Африки.', 'https://ru.wikipedia.org/wiki/%D0%9B%D0%B8%D0%B2%D0%B8%D0%BD%D0%B3%D1%81%D1%82%D0%BE%D0%BD%2C_%D0%94%D0%B0%D0%B2%D0%B8%D0%B4');
INSERT INTO discoveries (id, year, title, explorer_id, location, lat, lng, description, source) VALUES ('1858|Открытие озера Виктория для европейской науки', 1858, 'Открытие озера Виктория для европейской науки', 35, 'Озеро Виктория', -1, 33, 'Джон Хеннинг Спик исследовал район озера Виктория, связанный с поисками истоков Нила. Джон Хеннинг Спик — офицер британской индийской армии, исследователь Африки, в 1858 году обнаруживший озеро Виктория, а вместе с тем и исток Белого Нила.', 'https://ru.wikipedia.org/wiki/%D0%A1%D0%BF%D0%B8%D0%BA%2C_%D0%94%D0%B6%D0%BE%D0%BD_%D0%A5%D0%B5%D0%BD%D0%BD%D0%B8%D0%BD%D0%B3');
INSERT INTO discoveries (id, year, title, explorer_id, location, lat, lng, description, source) VALUES ('1860|Экспедиция Бёрка и Уиллса', 1860, 'Экспедиция Бёрка и Уиллса', 36, 'Австралия', -25, 135, 'Экспедиция Бёрка и Уиллса стала одной из известных попыток пересечь Австралию с юга на север. Роберт Бёркс — американский кинооператор.', 'https://ru.wikipedia.org/wiki/%D0%91%D1%91%D1%80%D0%BA%D1%81%2C_%D0%A0%D0%BE%D0%B1%D0%B5%D1%80%D1%82');
INSERT INTO discoveries (id, year, title, explorer_id, location, lat, lng, description, source) VALUES ('1871|Поиски Ливингстона', 1871, 'Поиски Ливингстона', 37, 'Озеро Танганьика', -5.5, 29.5, 'Генри Стэнли совершил экспедицию в Центральную Африку и встретил Давида Ливингстона. Ге́нри Мо́ртон Стэ́нли — британский журналист, путешественник, исследователь Африки.', 'https://ru.wikipedia.org/wiki/%D0%A1%D1%82%D1%8D%D0%BD%D0%BB%D0%B8%2C_%D0%93%D0%B5%D0%BD%D1%80%D0%B8_%D0%9C%D0%BE%D1%80%D1%82%D0%BE%D0%BD');
INSERT INTO discoveries (id, year, title, explorer_id, location, lat, lng, description, source) VALUES ('1874|Исследование реки Конго', 1874, 'Исследование реки Конго', 37, 'Река Конго', -6.0792, 12.45, 'Генри Стэнли исследовал бассейн реки Конго, расширив знания о Центральной Африке. Ге́нри Мо́ртон Стэ́нли — британский журналист, путешественник, исследователь Африки.', 'https://ru.wikipedia.org/wiki/%D0%A1%D1%82%D1%8D%D0%BD%D0%BB%D0%B8%2C_%D0%93%D0%B5%D0%BD%D1%80%D0%B8_%D0%9C%D0%BE%D1%80%D1%82%D0%BE%D0%BD');
INSERT INTO discoveries (id, year, title, explorer_id, location, lat, lng, description, source) VALUES ('1878|Открытие Северо-Восточного прохода', 1878, 'Открытие Северо-Восточного прохода', 38, 'Арктика', 75, 90, 'Норденшёльд первым прошёл Северо-Восточным проходом вдоль северных берегов Евразии. Барон Нильс Адольф Эрик Но́рденшельд (Ну́рденшёльд) — шведский геолог и географ, исследователь Арктики, мореплаватель, историк-картограф.', 'https://ru.wikipedia.org/wiki/%D0%9D%D0%BE%D1%80%D0%B4%D0%B5%D0%BD%D1%88%D0%B5%D0%BB%D1%8C%D0%B4%2C_%D0%90%D0%B4%D0%BE%D0%BB%D1%8C%D1%84_%D0%AD%D1%80%D0%B8%D0%BA');
INSERT INTO discoveries (id, year, title, explorer_id, location, lat, lng, description, source) VALUES ('1888|Пересечение Гренландии', 1888, 'Пересечение Гренландии', 39, 'Гренландия', 72, -40, 'Фритьоф Нансен первым пересёк ледниковый покров Гренландии. Фри́тьоф Ве́дель-Я́рлсберг На́нсен — норвежский полярный исследователь, учёный — доктор зоологии, основатель новой науки — физической океанографии, политический и общественный деятель, гуманист, филантроп, лауреат Нобелевской премии мира за 1922 год, удостоен наград многих стран.', 'https://ru.wikipedia.org/wiki/%D0%9D%D0%B0%D0%BD%D1%81%D0%B5%D0%BD%2C_%D0%A4%D1%80%D0%B8%D1%82%D1%8C%D0%BE%D1%84');
INSERT INTO discoveries (id, year, title, explorer_id, location, lat, lng, description, source) VALUES ('1893|Арктическая экспедиция на «Фраме»', 1893, 'Арктическая экспедиция на «Фраме»', 39, 'Арктический океан', 84, 30, 'Экспедиция Нансена на судне «Фрам» стала важным этапом в изучении Арктики. Фри́тьоф Ве́дель-Я́рлсберг На́нсен — норвежский полярный исследователь, учёный — доктор зоологии, основатель новой науки — физической океанографии, политический и общественный деятель, гуманист, филантроп, лауреат Нобелевской премии мира за 1922 год, удостоен наград многих стран.', 'https://ru.wikipedia.org/wiki/%D0%9D%D0%B0%D0%BD%D1%81%D0%B5%D0%BD%2C_%D0%A4%D1%80%D0%B8%D1%82%D1%8C%D0%BE%D1%84');
INSERT INTO discoveries (id, year, title, explorer_id, location, lat, lng, description, source) VALUES ('1897|Исследование Антарктики', 1897, 'Исследование Антарктики', 40, 'Антарктика', -64, -62, 'Экспедиция Адриена де Жерлаша стала одной из первых научных экспедиций, зимовавших в Антарктике. Адрие́н Викто́р Жозе́ф, барон де Жерла́ш де Гомери́.', 'https://ru.wikipedia.org/wiki/%D0%96%D0%B5%D1%80%D0%BB%D0%B0%D1%88%2C_%D0%90%D0%B4%D1%80%D0%B8%D0%B5%D0%BD_%D0%B4%D0%B5');
INSERT INTO discoveries (id, year, title, explorer_id, location, lat, lng, description, source) VALUES ('1909|Достижение Северного полюса', 1909, 'Достижение Северного полюса', 41, 'Северный полюс', 85, 0, 'Экспедиция Роберта Пири заявила о достижении Северного полюса. Ро́берт Э́двин Пи́ри — американский исследователь Арктики, путешественник.', 'https://ru.wikipedia.org/wiki/%D0%9F%D0%B8%D1%80%D0%B8%2C_%D0%A0%D0%BE%D0%B1%D0%B5%D1%80%D1%82');
INSERT INTO discoveries (id, year, title, explorer_id, location, lat, lng, description, source) VALUES ('1911|Достижение Южного полюса', 1911, 'Достижение Южного полюса', 42, 'Южный полюс', -85, 0, 'Руаль Амундсен первым достиг Южного полюса, завершив один из важнейших этапов полярных исследований. Ру́аль Э́нгельбрегт Гра́внинг А́мундсен — норвежский полярный путешественник-исследователь и рекордсмен, «Наполеон полярных стран» по выражению Роланда Хантфорда.', 'https://ru.wikipedia.org/wiki/%D0%90%D0%BC%D1%83%D0%BD%D0%B4%D1%81%D0%B5%D0%BD%2C_%D0%A0%D1%83%D0%B0%D0%BB%D1%8C');
INSERT INTO discoveries (id, year, title, explorer_id, location, lat, lng, description, source) VALUES ('1912|Экспедиция Роберта Скотта к Южному полюсу', 1912, 'Экспедиция Роберта Скотта к Южному полюсу', 43, 'Южный полюс', -85, 0, 'Экспедиция Роберта Скотта достигла Южного полюса вскоре после Амундсена и стала одной из самых известных полярных экспедиций.', 'https://ru.wikipedia.org/wiki/%D0%A1%D0%BA%D0%BE%D1%82%D1%82%2C_%D0%A0%D0%BE%D0%B1%D0%B5%D1%80%D1%82');

-- waypoints (413)
INSERT INTO waypoints (id, discovery_id, seq, lat, lng) VALUES (1, '982|Открытие Гренландии', 0, 65.1003, -22.3418);
INSERT INTO waypoints (id, discovery_id, seq, lat, lng) VALUES (2, '982|Открытие Гренландии', 1, 65.2, -25);
INSERT INTO waypoints (id, discovery_id, seq, lat, lng) VALUES (3, '982|Открытие Гренландии', 2, 65, -32);
INSERT INTO waypoints (id, discovery_id, seq, lat, lng) VALUES (4, '982|Открытие Гренландии', 3, 59.377, -43.7431);
INSERT INTO waypoints (id, discovery_id, seq, lat, lng) VALUES (5, '982|Открытие Гренландии', 4, 61.0027, -50.2013);
INSERT INTO waypoints (id, discovery_id, seq, lat, lng) VALUES (6, '982|Открытие Гренландии', 5, 64.1204, -51.2703);
INSERT INTO waypoints (id, discovery_id, seq, lat, lng) VALUES (7, '1000|Плавание к Винланду', 0, 64.0982, -51.827);
INSERT INTO waypoints (id, discovery_id, seq, lat, lng) VALUES (8, '1000|Плавание к Винланду', 1, 61.5, -52);
INSERT INTO waypoints (id, discovery_id, seq, lat, lng) VALUES (9, '1000|Плавание к Винланду', 2, 58.5, -53);
INSERT INTO waypoints (id, discovery_id, seq, lat, lng) VALUES (10, '1000|Плавание к Винланду', 3, 55, -54);
INSERT INTO waypoints (id, discovery_id, seq, lat, lng) VALUES (11, '1000|Плавание к Винланду', 4, 51.5953, -55.5333);
INSERT INTO waypoints (id, discovery_id, seq, lat, lng) VALUES (12, '1271|Путешествие Марко Поло в Азию', 0, 45.4408, 12.3155);
INSERT INTO waypoints (id, discovery_id, seq, lat, lng) VALUES (13, '1271|Путешествие Марко Поло в Азию', 1, 38.7035, 19.9132);
INSERT INTO waypoints (id, discovery_id, seq, lat, lng) VALUES (14, '1271|Путешествие Марко Поло в Азию', 2, 35.853, 20.2695);
INSERT INTO waypoints (id, discovery_id, seq, lat, lng) VALUES (15, '1271|Путешествие Марко Поло в Азию', 3, 31.7553, 31.6716);
INSERT INTO waypoints (id, discovery_id, seq, lat, lng) VALUES (16, '1271|Путешествие Марко Поло в Азию', 4, 11.3561, 44.6772);
INSERT INTO waypoints (id, discovery_id, seq, lat, lng) VALUES (17, '1271|Путешествие Марко Поло в Азию', 5, 15.5429, 68.5505);
INSERT INTO waypoints (id, discovery_id, seq, lat, lng) VALUES (18, '1271|Путешествие Марко Поло в Азию', 6, -0.7587, 87.2572);
INSERT INTO waypoints (id, discovery_id, seq, lat, lng) VALUES (19, '1271|Путешествие Марко Поло в Азию', 7, -7.9741, 102.4007);
INSERT INTO waypoints (id, discovery_id, seq, lat, lng) VALUES (20, '1271|Путешествие Марко Поло в Азию', 8, -4.5, 108.1908);
INSERT INTO waypoints (id, discovery_id, seq, lat, lng) VALUES (21, '1271|Путешествие Марко Поло в Азию', 9, 6.724, 108.7253);
INSERT INTO waypoints (id, discovery_id, seq, lat, lng) VALUES (22, '1271|Путешествие Марко Поло в Азию', 10, 23.2037, 122.6217);
INSERT INTO waypoints (id, discovery_id, seq, lat, lng) VALUES (23, '1271|Путешествие Марко Поло в Азию', 11, 37.9018, 124.7596);
INSERT INTO waypoints (id, discovery_id, seq, lat, lng) VALUES (24, '1271|Путешествие Марко Поло в Азию', 12, 39.9042, 116.4074);
INSERT INTO waypoints (id, discovery_id, seq, lat, lng) VALUES (25, '1415|Начало португальских морских экспедиций', 0, 38.7223, -9.1393);
INSERT INTO waypoints (id, discovery_id, seq, lat, lng) VALUES (26, '1415|Начало португальских морских экспедиций', 1, 36.5298, -6.2923);
INSERT INTO waypoints (id, discovery_id, seq, lat, lng) VALUES (27, '1415|Начало португальских морских экспедиций', 2, 35.7595, -5.834);
INSERT INTO waypoints (id, discovery_id, seq, lat, lng) VALUES (28, '1415|Начало португальских морских экспедиций', 3, 32.6669, -16.9241);
INSERT INTO waypoints (id, discovery_id, seq, lat, lng) VALUES (29, '1488|Открытие мыса Доброй Надежды', 0, 38.7223, -9.1393);
INSERT INTO waypoints (id, discovery_id, seq, lat, lng) VALUES (30, '1488|Открытие мыса Доброй Надежды', 1, 28.2916, -16.6291);
INSERT INTO waypoints (id, discovery_id, seq, lat, lng) VALUES (31, '1488|Открытие мыса Доброй Надежды', 2, 13.3897, -17.6874);
INSERT INTO waypoints (id, discovery_id, seq, lat, lng) VALUES (32, '1488|Открытие мыса Доброй Надежды', 3, 3.7246, -18.0882);
INSERT INTO waypoints (id, discovery_id, seq, lat, lng) VALUES (33, '1488|Открытие мыса Доброй Надежды', 4, -8.839, 13.2894);
INSERT INTO waypoints (id, discovery_id, seq, lat, lng) VALUES (34, '1488|Открытие мыса Доброй Надежды', 5, -17.699, 10.5508);
INSERT INTO waypoints (id, discovery_id, seq, lat, lng) VALUES (35, '1488|Открытие мыса Доброй Надежды', 6, -22.9576, 14.5053);
INSERT INTO waypoints (id, discovery_id, seq, lat, lng) VALUES (36, '1488|Открытие мыса Доброй Надежды', 7, -28.2549, 13.9803);
INSERT INTO waypoints (id, discovery_id, seq, lat, lng) VALUES (37, '1488|Открытие мыса Доброй Надежды', 8, -33.9249, 18.4241);
INSERT INTO waypoints (id, discovery_id, seq, lat, lng) VALUES (38, '1488|Открытие мыса Доброй Надежды', 9, -33.8669, 18.3898);
INSERT INTO waypoints (id, discovery_id, seq, lat, lng) VALUES (39, '1492|Открытие Америки', 0, 37.3891, -5.9845);
INSERT INTO waypoints (id, discovery_id, seq, lat, lng) VALUES (40, '1492|Открытие Америки', 1, 36, -8);
INSERT INTO waypoints (id, discovery_id, seq, lat, lng) VALUES (41, '1492|Открытие Америки', 2, 32, -15);
INSERT INTO waypoints (id, discovery_id, seq, lat, lng) VALUES (42, '1492|Открытие Америки', 3, 28.2916, -16.6291);
INSERT INTO waypoints (id, discovery_id, seq, lat, lng) VALUES (43, '1492|Открытие Америки', 4, 27, -28);
INSERT INTO waypoints (id, discovery_id, seq, lat, lng) VALUES (44, '1492|Открытие Америки', 5, 25.8, -40);
INSERT INTO waypoints (id, discovery_id, seq, lat, lng) VALUES (45, '1492|Открытие Америки', 6, 24.7, -55);
INSERT INTO waypoints (id, discovery_id, seq, lat, lng) VALUES (46, '1492|Открытие Америки', 7, 24.5, -65);
INSERT INTO waypoints (id, discovery_id, seq, lat, lng) VALUES (47, '1492|Открытие Америки', 8, 24.5, -75);
INSERT INTO waypoints (id, discovery_id, seq, lat, lng) VALUES (48, '1497|Достижение берегов Северной Америки', 0, 51.4545, -2.5879);
INSERT INTO waypoints (id, discovery_id, seq, lat, lng) VALUES (49, '1497|Достижение берегов Северной Америки', 1, 52, -10);
INSERT INTO waypoints (id, discovery_id, seq, lat, lng) VALUES (50, '1497|Достижение берегов Северной Америки', 2, 52.5, -20);
INSERT INTO waypoints (id, discovery_id, seq, lat, lng) VALUES (51, '1497|Достижение берегов Северной Америки', 3, 51.5, -35);
INSERT INTO waypoints (id, discovery_id, seq, lat, lng) VALUES (52, '1497|Достижение берегов Северной Америки', 4, 50, -45);
INSERT INTO waypoints (id, discovery_id, seq, lat, lng) VALUES (53, '1497|Достижение берегов Северной Америки', 5, 48.5417, -56.125);
INSERT INTO waypoints (id, discovery_id, seq, lat, lng) VALUES (54, '1498|Морской путь в Индию', 0, 38.7223, -9.1393);
INSERT INTO waypoints (id, discovery_id, seq, lat, lng) VALUES (55, '1498|Морской путь в Индию', 1, 27.4197, -14.6587);
INSERT INTO waypoints (id, discovery_id, seq, lat, lng) VALUES (56, '1498|Морской путь в Индию', 2, 20.0262, -19.1126);
INSERT INTO waypoints (id, discovery_id, seq, lat, lng) VALUES (57, '1498|Морской путь в Индию', 3, 14.7167, -17.4677);
INSERT INTO waypoints (id, discovery_id, seq, lat, lng) VALUES (58, '1498|Морской путь в Индию', 4, 7.2433, -16.9302);
INSERT INTO waypoints (id, discovery_id, seq, lat, lng) VALUES (59, '1498|Морской путь в Индию', 5, -1.0411, 4.8052);
INSERT INTO waypoints (id, discovery_id, seq, lat, lng) VALUES (60, '1498|Морской путь в Индию', 6, -23.4446, 12.0206);
INSERT INTO waypoints (id, discovery_id, seq, lat, lng) VALUES (61, '1498|Морской путь в Индию', 7, -34.3568, 18.474);
INSERT INTO waypoints (id, discovery_id, seq, lat, lng) VALUES (62, '1498|Морской путь в Индию', 8, -34.9358, 19.726);
INSERT INTO waypoints (id, discovery_id, seq, lat, lng) VALUES (63, '1498|Морской путь в Индию', 9, -34.3123, 30.6827);
INSERT INTO waypoints (id, discovery_id, seq, lat, lng) VALUES (64, '1498|Морской путь в Индию', 10, -18.7234, 41.7286);
INSERT INTO waypoints (id, discovery_id, seq, lat, lng) VALUES (65, '1498|Морской путь в Индию', 11, -2.0392, 43.365);
INSERT INTO waypoints (id, discovery_id, seq, lat, lng) VALUES (66, '1498|Морской путь в Индию', 12, 3.2028, 73.2207);
INSERT INTO waypoints (id, discovery_id, seq, lat, lng) VALUES (67, '1498|Морской путь в Индию', 13, 11.25, 75.7667);
INSERT INTO waypoints (id, discovery_id, seq, lat, lng) VALUES (68, '1499|Исследование побережья Южной Америки', 0, 37.3891, -5.9845);
INSERT INTO waypoints (id, discovery_id, seq, lat, lng) VALUES (69, '1499|Исследование побережья Южной Америки', 1, 27.9765, -15.2154);
INSERT INTO waypoints (id, discovery_id, seq, lat, lng) VALUES (70, '1499|Исследование побережья Южной Америки', 2, 15, -25);
INSERT INTO waypoints (id, discovery_id, seq, lat, lng) VALUES (71, '1499|Исследование побережья Южной Америки', 3, 1.6981, -24.3906);
INSERT INTO waypoints (id, discovery_id, seq, lat, lng) VALUES (72, '1499|Исследование побережья Южной Америки', 4, -9.1696, -32.8531);
INSERT INTO waypoints (id, discovery_id, seq, lat, lng) VALUES (73, '1499|Исследование побережья Южной Америки', 5, -12, -38);
INSERT INTO waypoints (id, discovery_id, seq, lat, lng) VALUES (74, '1499|Исследование побережья Южной Америки', 6, -12.0202, -37.9307);
INSERT INTO waypoints (id, discovery_id, seq, lat, lng) VALUES (75, '1500|Открытие Бразилии', 0, 38.7223, -9.1393);
INSERT INTO waypoints (id, discovery_id, seq, lat, lng) VALUES (76, '1500|Открытие Бразилии', 1, 30.1073, -21.776);
INSERT INTO waypoints (id, discovery_id, seq, lat, lng) VALUES (77, '1500|Открытие Бразилии', 2, 17.9925, -25.2501);
INSERT INTO waypoints (id, discovery_id, seq, lat, lng) VALUES (78, '1500|Открытие Бразилии', 3, 5, -30);
INSERT INTO waypoints (id, discovery_id, seq, lat, lng) VALUES (79, '1500|Открытие Бразилии', 4, -8, -34);
INSERT INTO waypoints (id, discovery_id, seq, lat, lng) VALUES (80, '1500|Открытие Бразилии', 5, -16, -39);
INSERT INTO waypoints (id, discovery_id, seq, lat, lng) VALUES (81, '1513|Открытие Тихого океана', 0, 9.359, -79.9014);
INSERT INTO waypoints (id, discovery_id, seq, lat, lng) VALUES (82, '1513|Открытие Тихого океана', 1, 9.1, -79.75);
INSERT INTO waypoints (id, discovery_id, seq, lat, lng) VALUES (83, '1513|Открытие Тихого океана', 2, 8.9833, -79.5167);
INSERT INTO waypoints (id, discovery_id, seq, lat, lng) VALUES (84, '1513|Открытие Тихого океана', 3, 9, -79);
INSERT INTO waypoints (id, discovery_id, seq, lat, lng) VALUES (85, '1519|Начало кругосветной экспедиции', 0, 36.7946, -6.3207);
INSERT INTO waypoints (id, discovery_id, seq, lat, lng) VALUES (86, '1519|Начало кругосветной экспедиции', 1, 31.873, -10.9528);
INSERT INTO waypoints (id, discovery_id, seq, lat, lng) VALUES (87, '1519|Начало кругосветной экспедиции', 2, 25.3702, -15.8522);
INSERT INTO waypoints (id, discovery_id, seq, lat, lng) VALUES (88, '1519|Начало кругосветной экспедиции', 3, 15.7942, -20.6179);
INSERT INTO waypoints (id, discovery_id, seq, lat, lng) VALUES (89, '1519|Начало кругосветной экспедиции', 4, -6.7429, -22.0432);
INSERT INTO waypoints (id, discovery_id, seq, lat, lng) VALUES (90, '1519|Начало кругосветной экспедиции', 5, -13.7802, -23.6466);
INSERT INTO waypoints (id, discovery_id, seq, lat, lng) VALUES (91, '1519|Начало кругосветной экспедиции', 6, -21.5301, -25.5173);
INSERT INTO waypoints (id, discovery_id, seq, lat, lng) VALUES (92, '1519|Начало кругосветной экспедиции', 7, -44.1562, -41.7298);
INSERT INTO waypoints (id, discovery_id, seq, lat, lng) VALUES (93, '1519|Начало кругосветной экспедиции', 8, -60.3687, -72.6403);
INSERT INTO waypoints (id, discovery_id, seq, lat, lng) VALUES (94, '1519|Начало кругосветной экспедиции', 9, -30, -85);
INSERT INTO waypoints (id, discovery_id, seq, lat, lng) VALUES (95, '1519|Начало кругосветной экспедиции', 10, -14.8491, -75.5799);
INSERT INTO waypoints (id, discovery_id, seq, lat, lng) VALUES (96, '1519|Начало кругосветной экспедиции', 11, -5, -120);
INSERT INTO waypoints (id, discovery_id, seq, lat, lng) VALUES (97, '1519|Начало кругосветной экспедиции', 12, 5, -150);
INSERT INTO waypoints (id, discovery_id, seq, lat, lng) VALUES (98, '1519|Начало кругосветной экспедиции', 13, 15.1261, -49.1902);
INSERT INTO waypoints (id, discovery_id, seq, lat, lng) VALUES (99, '1519|Начало кругосветной экспедиции', 14, -36.54, -10.7079);
INSERT INTO waypoints (id, discovery_id, seq, lat, lng) VALUES (100, '1519|Начало кругосветной экспедиции', 15, -32.9768, 92.0897);
INSERT INTO waypoints (id, discovery_id, seq, lat, lng) VALUES (101, '1519|Начало кругосветной экспедиции', 16, 13.4443, 144.7937);
INSERT INTO waypoints (id, discovery_id, seq, lat, lng) VALUES (102, '1519|Начало кругосветной экспедиции', 17, -6.342, 118.3682);
INSERT INTO waypoints (id, discovery_id, seq, lat, lng) VALUES (103, '1519|Начало кругосветной экспедиции', 18, -0.8191, 106.8769);
INSERT INTO waypoints (id, discovery_id, seq, lat, lng) VALUES (104, '1519|Начало кругосветной экспедиции', 19, 6.6635, 95.5638);
INSERT INTO waypoints (id, discovery_id, seq, lat, lng) VALUES (105, '1519|Начало кругосветной экспедиции', 20, 1.2297, 82.7364);
INSERT INTO waypoints (id, discovery_id, seq, lat, lng) VALUES (106, '1519|Начало кругосветной экспедиции', 21, 13.7008, 63.7625);
INSERT INTO waypoints (id, discovery_id, seq, lat, lng) VALUES (107, '1519|Начало кругосветной экспедиции', 22, 11.2957, 44.3432);
INSERT INTO waypoints (id, discovery_id, seq, lat, lng) VALUES (108, '1519|Начало кругосветной экспедиции', 23, 31.7839, 31.5158);
INSERT INTO waypoints (id, discovery_id, seq, lat, lng) VALUES (109, '1519|Начало кругосветной экспедиции', 24, 39.6675, -0.2188);
INSERT INTO waypoints (id, discovery_id, seq, lat, lng) VALUES (110, '1520|Открытие Магелланова пролива', 0, -34.6037, -58.3816);
INSERT INTO waypoints (id, discovery_id, seq, lat, lng) VALUES (111, '1520|Открытие Магелланова пролива', 1, -36.8956, -54.7444);
INSERT INTO waypoints (id, discovery_id, seq, lat, lng) VALUES (112, '1520|Открытие Магелланова пролива', 2, -42, -62);
INSERT INTO waypoints (id, discovery_id, seq, lat, lng) VALUES (113, '1520|Открытие Магелланова пролива', 3, -48, -66);
INSERT INTO waypoints (id, discovery_id, seq, lat, lng) VALUES (114, '1520|Открытие Магелланова пролива', 4, -49.723, -66.7701);
INSERT INTO waypoints (id, discovery_id, seq, lat, lng) VALUES (115, '1520|Открытие Магелланова пролива', 5, -50.3466, -68.908);
INSERT INTO waypoints (id, discovery_id, seq, lat, lng) VALUES (116, '1520|Открытие Магелланова пролива', 6, -50.7029, -69.0862);
INSERT INTO waypoints (id, discovery_id, seq, lat, lng) VALUES (117, '1521|Достижение Филиппин', 0, -12.8894, -76.3816);
INSERT INTO waypoints (id, discovery_id, seq, lat, lng) VALUES (118, '1521|Достижение Филиппин', 1, -8.2572, -115.8438);
INSERT INTO waypoints (id, discovery_id, seq, lat, lng) VALUES (119, '1521|Достижение Филиппин', 2, 0, -160);
INSERT INTO waypoints (id, discovery_id, seq, lat, lng) VALUES (120, '1521|Достижение Филиппин', 3, -62.5957, -73.6202);
INSERT INTO waypoints (id, discovery_id, seq, lat, lng) VALUES (121, '1521|Достижение Филиппин', 4, -42.1074, 17.7753);
INSERT INTO waypoints (id, discovery_id, seq, lat, lng) VALUES (122, '1521|Достижение Филиппин', 5, 10, 170);
INSERT INTO waypoints (id, discovery_id, seq, lat, lng) VALUES (123, '1521|Достижение Филиппин', 6, 13.4443, 144.7937);
INSERT INTO waypoints (id, discovery_id, seq, lat, lng) VALUES (124, '1521|Достижение Филиппин', 7, 12.8, 122.05);
INSERT INTO waypoints (id, discovery_id, seq, lat, lng) VALUES (125, '1524|Исследование восточного побережья Северной Америки', 0, 43.2965, 5.3698);
INSERT INTO waypoints (id, discovery_id, seq, lat, lng) VALUES (126, '1524|Исследование восточного побережья Северной Америки', 1, 37.4189, 1.1752);
INSERT INTO waypoints (id, discovery_id, seq, lat, lng) VALUES (127, '1524|Исследование восточного побережья Северной Америки', 2, 36, -10);
INSERT INTO waypoints (id, discovery_id, seq, lat, lng) VALUES (128, '1524|Исследование восточного побережья Северной Америки', 3, 32, -35);
INSERT INTO waypoints (id, discovery_id, seq, lat, lng) VALUES (129, '1524|Исследование восточного побережья Северной Америки', 4, 34, -60);
INSERT INTO waypoints (id, discovery_id, seq, lat, lng) VALUES (130, '1524|Исследование восточного побережья Северной Америки', 5, 40.7128, -74.006);
INSERT INTO waypoints (id, discovery_id, seq, lat, lng) VALUES (131, '1534|Исследование реки Святого Лаврентия', 0, 48.3904, -4.4861);
INSERT INTO waypoints (id, discovery_id, seq, lat, lng) VALUES (132, '1534|Исследование реки Святого Лаврентия', 1, 48, -20);
INSERT INTO waypoints (id, discovery_id, seq, lat, lng) VALUES (133, '1534|Исследование реки Святого Лаврентия', 2, 47, -40);
INSERT INTO waypoints (id, discovery_id, seq, lat, lng) VALUES (134, '1534|Исследование реки Святого Лаврентия', 3, 48.7, -53.9);
INSERT INTO waypoints (id, discovery_id, seq, lat, lng) VALUES (135, '1534|Исследование реки Святого Лаврентия', 4, 46.8139, -71.208);
INSERT INTO waypoints (id, discovery_id, seq, lat, lng) VALUES (136, '1542|Исследование Калифорнии', 0, 20.8272, -105.2879);
INSERT INTO waypoints (id, discovery_id, seq, lat, lng) VALUES (137, '1542|Исследование Калифорнии', 1, 20.7, -105.2);
INSERT INTO waypoints (id, discovery_id, seq, lat, lng) VALUES (138, '1542|Исследование Калифорнии', 2, 22.3861, -110.7217);
INSERT INTO waypoints (id, discovery_id, seq, lat, lng) VALUES (139, '1542|Исследование Калифорнии', 3, 27.33, -116.7346);
INSERT INTO waypoints (id, discovery_id, seq, lat, lng) VALUES (140, '1542|Исследование Калифорнии', 4, 35.4807, -120.9659);
INSERT INTO waypoints (id, discovery_id, seq, lat, lng) VALUES (141, '1577|Кругосветное плавание Фрэнсиса Дрейка', 0, 50.3755, -4.1427);
INSERT INTO waypoints (id, discovery_id, seq, lat, lng) VALUES (142, '1577|Кругосветное плавание Фрэнсиса Дрейка', 1, 46.4375, -14.722);
INSERT INTO waypoints (id, discovery_id, seq, lat, lng) VALUES (143, '1577|Кругосветное плавание Фрэнсиса Дрейка', 2, -23.2003, -31.7139);
INSERT INTO waypoints (id, discovery_id, seq, lat, lng) VALUES (144, '1577|Кругосветное плавание Фрэнсиса Дрейка', 3, -43.2432, -44.185);
INSERT INTO waypoints (id, discovery_id, seq, lat, lng) VALUES (145, '1577|Кругосветное плавание Фрэнсиса Дрейка', 4, -60.3464, -73.5812);
INSERT INTO waypoints (id, discovery_id, seq, lat, lng) VALUES (146, '1577|Кругосветное плавание Фрэнсиса Дрейка', 5, -18.5682, -90.0609);
INSERT INTO waypoints (id, discovery_id, seq, lat, lng) VALUES (147, '1577|Кругосветное плавание Фрэнсиса Дрейка', 6, 17.0636, -100.7059);
INSERT INTO waypoints (id, discovery_id, seq, lat, lng) VALUES (148, '1577|Кругосветное плавание Фрэнсиса Дрейка', 7, 17.0636, -100.6168);
INSERT INTO waypoints (id, discovery_id, seq, lat, lng) VALUES (149, '1594|Поиски Северо-Восточного прохода', 0, 53.3641, 4.9165);
INSERT INTO waypoints (id, discovery_id, seq, lat, lng) VALUES (150, '1594|Поиски Северо-Восточного прохода', 1, 69.2648, 3.3131);
INSERT INTO waypoints (id, discovery_id, seq, lat, lng) VALUES (151, '1594|Поиски Северо-Восточного прохода', 2, 71.8481, 19.3028);
INSERT INTO waypoints (id, discovery_id, seq, lat, lng) VALUES (152, '1594|Поиски Северо-Восточного прохода', 3, 74, 35);
INSERT INTO waypoints (id, discovery_id, seq, lat, lng) VALUES (153, '1594|Поиски Северо-Восточного прохода', 4, 76, 60);
INSERT INTO waypoints (id, discovery_id, seq, lat, lng) VALUES (154, '1606|Первые европейские исследования Австралии', 0, -6.1193, 107.4782);
INSERT INTO waypoints (id, discovery_id, seq, lat, lng) VALUES (155, '1606|Первые европейские исследования Австралии', 1, -6.4534, 114.9497);
INSERT INTO waypoints (id, discovery_id, seq, lat, lng) VALUES (156, '1606|Первые европейские исследования Австралии', 2, -7.9455, 123.9133);
INSERT INTO waypoints (id, discovery_id, seq, lat, lng) VALUES (157, '1606|Первые европейские исследования Австралии', 3, -7.99, 127.2093);
INSERT INTO waypoints (id, discovery_id, seq, lat, lng) VALUES (158, '1606|Первые европейские исследования Австралии', 4, -12.5, 141.5);
INSERT INTO waypoints (id, discovery_id, seq, lat, lng) VALUES (159, '1609|Исследование реки Гудзон', 0, 52.3676, 4.9041);
INSERT INTO waypoints (id, discovery_id, seq, lat, lng) VALUES (160, '1609|Исследование реки Гудзон', 1, 47.7521, -9.7816);
INSERT INTO waypoints (id, discovery_id, seq, lat, lng) VALUES (161, '1609|Исследование реки Гудзон', 2, 47, -30);
INSERT INTO waypoints (id, discovery_id, seq, lat, lng) VALUES (162, '1609|Исследование реки Гудзон', 3, 43, -55);
INSERT INTO waypoints (id, discovery_id, seq, lat, lng) VALUES (163, '1609|Исследование реки Гудзон', 4, 40.7283, -73.9942);
INSERT INTO waypoints (id, discovery_id, seq, lat, lng) VALUES (164, '1610|Исследование Гудзонова залива', 0, 52.3676, 4.9041);
INSERT INTO waypoints (id, discovery_id, seq, lat, lng) VALUES (165, '1610|Исследование Гудзонова залива', 1, 62.8065, -0.161);
INSERT INTO waypoints (id, discovery_id, seq, lat, lng) VALUES (166, '1610|Исследование Гудзонова залива', 2, 56.571, -34.8129);
INSERT INTO waypoints (id, discovery_id, seq, lat, lng) VALUES (167, '1610|Исследование Гудзонова залива', 3, 60, -60);
INSERT INTO waypoints (id, discovery_id, seq, lat, lng) VALUES (168, '1610|Исследование Гудзонова залива', 4, 63.4301, -78.0164);
INSERT INTO waypoints (id, discovery_id, seq, lat, lng) VALUES (169, '1610|Исследование Гудзонова залива', 5, 60, -85);
INSERT INTO waypoints (id, discovery_id, seq, lat, lng) VALUES (170, '1616|Открытие мыса Горн', 0, 52.3676, 4.9041);
INSERT INTO waypoints (id, discovery_id, seq, lat, lng) VALUES (171, '1616|Открытие мыса Горн', 1, 44.9836, -19.2818);
INSERT INTO waypoints (id, discovery_id, seq, lat, lng) VALUES (172, '1616|Открытие мыса Горн', 2, 31.978, -21.9541);
INSERT INTO waypoints (id, discovery_id, seq, lat, lng) VALUES (173, '1616|Открытие мыса Горн', 3, -9.3548, -29.2586);
INSERT INTO waypoints (id, discovery_id, seq, lat, lng) VALUES (174, '1616|Открытие мыса Горн', 4, -15.4122, -31.0402);
INSERT INTO waypoints (id, discovery_id, seq, lat, lng) VALUES (175, '1616|Открытие мыса Горн', 5, -40.1763, -33.8017);
INSERT INTO waypoints (id, discovery_id, seq, lat, lng) VALUES (176, '1616|Открытие мыса Горн', 6, -55.9433, -55.1807);
INSERT INTO waypoints (id, discovery_id, seq, lat, lng) VALUES (177, '1616|Открытие мыса Горн', 7, -55.98, -67.2892);
INSERT INTO waypoints (id, discovery_id, seq, lat, lng) VALUES (178, '1642|Открытие Тасмании', 0, -6.1416, 106.8324);
INSERT INTO waypoints (id, discovery_id, seq, lat, lng) VALUES (179, '1642|Открытие Тасмании', 1, -5.8076, 106.2756);
INSERT INTO waypoints (id, discovery_id, seq, lat, lng) VALUES (180, '1642|Открытие Тасмании', 2, -6.0525, 104.9617);
INSERT INTO waypoints (id, discovery_id, seq, lat, lng) VALUES (181, '1642|Открытие Тасмании', 3, -16.408, 108.8144);
INSERT INTO waypoints (id, discovery_id, seq, lat, lng) VALUES (182, '1642|Открытие Тасмании', 4, -35.6937, 113.3129);
INSERT INTO waypoints (id, discovery_id, seq, lat, lng) VALUES (183, '1642|Открытие Тасмании', 5, -37, 137);
INSERT INTO waypoints (id, discovery_id, seq, lat, lng) VALUES (184, '1642|Открытие Тасмании', 6, -40.8492, 144.7468);
INSERT INTO waypoints (id, discovery_id, seq, lat, lng) VALUES (185, '1642|Исследование Новой Зеландии', 0, -42.9871, 147.7977);
INSERT INTO waypoints (id, discovery_id, seq, lat, lng) VALUES (186, '1642|Исследование Новой Зеландии', 1, -44, 155);
INSERT INTO waypoints (id, discovery_id, seq, lat, lng) VALUES (187, '1642|Исследование Новой Зеландии', 2, -43, 163);
INSERT INTO waypoints (id, discovery_id, seq, lat, lng) VALUES (188, '1642|Исследование Новой Зеландии', 3, -41.7845, 171.5819);
INSERT INTO waypoints (id, discovery_id, seq, lat, lng) VALUES (189, '1648|Проход между Азией и Америкой', 0, 64.7337, 177.4968);
INSERT INTO waypoints (id, discovery_id, seq, lat, lng) VALUES (190, '1648|Проход между Азией и Америкой', 1, 65, 179);
INSERT INTO waypoints (id, discovery_id, seq, lat, lng) VALUES (191, '1648|Проход между Азией и Америкой', 2, 83.6066, 178.8217);
INSERT INTO waypoints (id, discovery_id, seq, lat, lng) VALUES (192, '1648|Проход между Азией и Америкой', 3, 84.3192, -71.5804);
INSERT INTO waypoints (id, discovery_id, seq, lat, lng) VALUES (193, '1648|Проход между Азией и Америкой', 4, 84.052, -156.9184);
INSERT INTO waypoints (id, discovery_id, seq, lat, lng) VALUES (194, '1648|Проход между Азией и Америкой', 5, 66.7706, -167.7861);
INSERT INTO waypoints (id, discovery_id, seq, lat, lng) VALUES (195, '1648|Проход между Азией и Америкой', 6, 63.3855, -172.9527);
INSERT INTO waypoints (id, discovery_id, seq, lat, lng) VALUES (196, '1648|Проход между Азией и Америкой', 7, 65.5, -178);
INSERT INTO waypoints (id, discovery_id, seq, lat, lng) VALUES (197, '1648|Проход между Азией и Америкой', 8, 63.6082, -172.8637);
INSERT INTO waypoints (id, discovery_id, seq, lat, lng) VALUES (198, '1648|Проход между Азией и Америкой', 9, 65.9725, -168.7917);
INSERT INTO waypoints (id, discovery_id, seq, lat, lng) VALUES (199, '1728|Исследование Берингова пролива', 0, 53.0452, 158.6483);
INSERT INTO waypoints (id, discovery_id, seq, lat, lng) VALUES (200, '1728|Исследование Берингова пролива', 1, 56, 162);
INSERT INTO waypoints (id, discovery_id, seq, lat, lng) VALUES (201, '1728|Исследование Берингова пролива', 2, 59.6442, 165.4153);
INSERT INTO waypoints (id, discovery_id, seq, lat, lng) VALUES (202, '1728|Исследование Берингова пролива', 3, 59.1097, 178.9554);
INSERT INTO waypoints (id, discovery_id, seq, lat, lng) VALUES (203, '1728|Исследование Берингова пролива', 4, 71.2245, 179.1335);
INSERT INTO waypoints (id, discovery_id, seq, lat, lng) VALUES (204, '1728|Исследование Берингова пролива', 5, 85, 177.3519);
INSERT INTO waypoints (id, discovery_id, seq, lat, lng) VALUES (205, '1728|Исследование Берингова пролива', 6, 83.6956, -157.0521);
INSERT INTO waypoints (id, discovery_id, seq, lat, lng) VALUES (206, '1728|Исследование Берингова пролива', 7, 65.9725, -168.7917);
INSERT INTO waypoints (id, discovery_id, seq, lat, lng) VALUES (207, '1741|Открытие побережья Аляски', 0, 53.0452, 158.6483);
INSERT INTO waypoints (id, discovery_id, seq, lat, lng) VALUES (208, '1741|Открытие побережья Аляски', 1, 47.7521, 162.4757);
INSERT INTO waypoints (id, discovery_id, seq, lat, lng) VALUES (209, '1741|Открытие побережья Аляски', 2, -58.0742, 162.6538);
INSERT INTO waypoints (id, discovery_id, seq, lat, lng) VALUES (210, '1741|Открытие побережья Аляски', 3, -63.0626, 3.9144);
INSERT INTO waypoints (id, discovery_id, seq, lat, lng) VALUES (211, '1741|Открытие побережья Аляски', 4, -59.6776, -96.389);
INSERT INTO waypoints (id, discovery_id, seq, lat, lng) VALUES (212, '1741|Открытие побережья Аляски', 5, 52, -175);
INSERT INTO waypoints (id, discovery_id, seq, lat, lng) VALUES (213, '1741|Открытие побережья Аляски', 6, 55, -155);
INSERT INTO waypoints (id, discovery_id, seq, lat, lng) VALUES (214, '1741|Открытие побережья Аляски', 7, 58.3019, -134.4197);
INSERT INTO waypoints (id, discovery_id, seq, lat, lng) VALUES (215, '1741|Исследование северо-западного побережья Америки', 0, 53.0452, 158.6483);
INSERT INTO waypoints (id, discovery_id, seq, lat, lng) VALUES (216, '1741|Исследование северо-западного побережья Америки', 1, 40.8039, 160.3378);
INSERT INTO waypoints (id, discovery_id, seq, lat, lng) VALUES (217, '1741|Исследование северо-западного побережья Америки', 2, -53.9765, 157.4872);
INSERT INTO waypoints (id, discovery_id, seq, lat, lng) VALUES (218, '1741|Исследование северо-западного побережья Америки', 3, -59.3213, -26.1945);
INSERT INTO waypoints (id, discovery_id, seq, lat, lng) VALUES (219, '1741|Исследование северо-западного побережья Америки', 4, -63.0626, -103.6935);
INSERT INTO waypoints (id, discovery_id, seq, lat, lng) VALUES (220, '1741|Исследование северо-западного побережья Америки', 5, 51.5, -175);
INSERT INTO waypoints (id, discovery_id, seq, lat, lng) VALUES (221, '1741|Исследование северо-западного побережья Америки', 6, 54, -150);
INSERT INTO waypoints (id, discovery_id, seq, lat, lng) VALUES (222, '1741|Исследование северо-западного побережья Америки', 7, 55.3422, -131.6461);
INSERT INTO waypoints (id, discovery_id, seq, lat, lng) VALUES (223, '1768|Первая экспедиция Джеймса Кука', 0, 50.7192, -1.8808);
INSERT INTO waypoints (id, discovery_id, seq, lat, lng) VALUES (224, '1768|Первая экспедиция Джеймса Кука', 1, 45.903, -12.0663);
INSERT INTO waypoints (id, discovery_id, seq, lat, lng) VALUES (225, '1768|Первая экспедиция Джеймса Кука', 2, 42.8743, -17.6783);
INSERT INTO waypoints (id, discovery_id, seq, lat, lng) VALUES (226, '1768|Первая экспедиция Джеймса Кука', 3, -7.0992, -28.4569);
INSERT INTO waypoints (id, discovery_id, seq, lat, lng) VALUES (227, '1768|Первая экспедиция Джеймса Кука', 4, -37.0744, -52.063);
INSERT INTO waypoints (id, discovery_id, seq, lat, lng) VALUES (228, '1768|Первая экспедиция Джеймса Кука', 5, -53.0642, -62.3962);
INSERT INTO waypoints (id, discovery_id, seq, lat, lng) VALUES (229, '1768|Первая экспедиция Джеймса Кука', 6, -59.077, -65.603);
INSERT INTO waypoints (id, discovery_id, seq, lat, lng) VALUES (230, '1768|Первая экспедиция Джеймса Кука', 7, -17.6667, -149.4667);
INSERT INTO waypoints (id, discovery_id, seq, lat, lng) VALUES (231, '1770|Исследование восточного побережья Австралии', 0, 50.7192, -1.8808);
INSERT INTO waypoints (id, discovery_id, seq, lat, lng) VALUES (232, '1770|Исследование восточного побережья Австралии', 1, 47.4842, -6.4989);
INSERT INTO waypoints (id, discovery_id, seq, lat, lng) VALUES (233, '1770|Исследование восточного побережья Австралии', 2, 43.3197, -9.6835);
INSERT INTO waypoints (id, discovery_id, seq, lat, lng) VALUES (234, '1770|Исследование восточного побережья Австралии', 3, 28.2916, -16.6291);
INSERT INTO waypoints (id, discovery_id, seq, lat, lng) VALUES (235, '1770|Исследование восточного побережья Австралии', 4, 7.034, -18.7879);
INSERT INTO waypoints (id, discovery_id, seq, lat, lng) VALUES (236, '1770|Исследование восточного побережья Австралии', 5, -33.7228, 16.0494);
INSERT INTO waypoints (id, discovery_id, seq, lat, lng) VALUES (237, '1770|Исследование восточного побережья Австралии', 6, -37.286, 18.8999);
INSERT INTO waypoints (id, discovery_id, seq, lat, lng) VALUES (238, '1770|Исследование восточного побережья Австралии', 7, -38.444, 65.043);
INSERT INTO waypoints (id, discovery_id, seq, lat, lng) VALUES (239, '1770|Исследование восточного побережья Австралии', 8, -40.8462, 152.7216);
INSERT INTO waypoints (id, discovery_id, seq, lat, lng) VALUES (240, '1770|Исследование восточного побережья Австралии', 9, -40.8907, 174.5359);
INSERT INTO waypoints (id, discovery_id, seq, lat, lng) VALUES (241, '1770|Исследование восточного побережья Австралии', 10, -42.3412, 175.0004);
INSERT INTO waypoints (id, discovery_id, seq, lat, lng) VALUES (242, '1770|Исследование восточного побережья Австралии', 11, -43.5618, 175.8715);
INSERT INTO waypoints (id, discovery_id, seq, lat, lng) VALUES (243, '1770|Исследование восточного побережья Австралии', 12, -42.0259, 178.5426);
INSERT INTO waypoints (id, discovery_id, seq, lat, lng) VALUES (244, '1770|Исследование восточного побережья Австралии', 13, -33.7009, 179.1659);
INSERT INTO waypoints (id, discovery_id, seq, lat, lng) VALUES (245, '1770|Исследование восточного побережья Австралии', 14, -33.8688, 151.2093);
INSERT INTO waypoints (id, discovery_id, seq, lat, lng) VALUES (246, '1778|Исследование Гавайских островов', 0, -33.8688, 151.2093);
INSERT INTO waypoints (id, discovery_id, seq, lat, lng) VALUES (247, '1778|Исследование Гавайских островов', 1, -15, 170);
INSERT INTO waypoints (id, discovery_id, seq, lat, lng) VALUES (248, '1778|Исследование Гавайских островов', 2, -9.3707, 137.8988);
INSERT INTO waypoints (id, discovery_id, seq, lat, lng) VALUES (249, '1778|Исследование Гавайских островов', 3, -12.6221, 111.9767);
INSERT INTO waypoints (id, discovery_id, seq, lat, lng) VALUES (250, '1778|Исследование Гавайских островов', 4, -6.6538, 79.9527);
INSERT INTO waypoints (id, discovery_id, seq, lat, lng) VALUES (251, '1778|Исследование Гавайских островов', 5, -33.0213, 46.8151);
INSERT INTO waypoints (id, discovery_id, seq, lat, lng) VALUES (252, '1778|Исследование Гавайских островов', 6, -38.5442, 1.9191);
INSERT INTO waypoints (id, discovery_id, seq, lat, lng) VALUES (253, '1778|Исследование Гавайских островов', 7, -58.6762, -70.5915);
INSERT INTO waypoints (id, discovery_id, seq, lat, lng) VALUES (254, '1778|Исследование Гавайских островов', 8, 0, -175);
INSERT INTO waypoints (id, discovery_id, seq, lat, lng) VALUES (255, '1778|Исследование Гавайских островов', 9, 12, -165);
INSERT INTO waypoints (id, discovery_id, seq, lat, lng) VALUES (256, '1778|Исследование Гавайских островов', 10, 21.3114, -157.7964);
INSERT INTO waypoints (id, discovery_id, seq, lat, lng) VALUES (257, '1785|Экспедиция Лаперуза', 0, 47.3394, -2.6573);
INSERT INTO waypoints (id, discovery_id, seq, lat, lng) VALUES (258, '1785|Экспедиция Лаперуза', 1, 45.0234, -12.0107);
INSERT INTO waypoints (id, discovery_id, seq, lat, lng) VALUES (259, '1785|Экспедиция Лаперуза', 2, 28.2916, -16.6291);
INSERT INTO waypoints (id, discovery_id, seq, lat, lng) VALUES (260, '1785|Экспедиция Лаперуза', 3, -0.8525, -21.364);
INSERT INTO waypoints (id, discovery_id, seq, lat, lng) VALUES (261, '1785|Экспедиция Лаперуза', 4, -34.9699, -2.301);
INSERT INTO waypoints (id, discovery_id, seq, lat, lng) VALUES (262, '1785|Экспедиция Лаперуза', 5, -37.865, 120.584);
INSERT INTO waypoints (id, discovery_id, seq, lat, lng) VALUES (263, '1785|Экспедиция Лаперуза', 6, -43.2988, 135.9502);
INSERT INTO waypoints (id, discovery_id, seq, lat, lng) VALUES (264, '1785|Экспедиция Лаперуза', 7, -45.6595, 148.1541);
INSERT INTO waypoints (id, discovery_id, seq, lat, lng) VALUES (265, '1785|Экспедиция Лаперуза', 8, -33.8688, 151.2093);
INSERT INTO waypoints (id, discovery_id, seq, lat, lng) VALUES (266, '1785|Экспедиция Лаперуза', 9, -20, 170);
INSERT INTO waypoints (id, discovery_id, seq, lat, lng) VALUES (267, '1785|Экспедиция Лаперуза', 10, 20, 160);
INSERT INTO waypoints (id, discovery_id, seq, lat, lng) VALUES (268, '1785|Экспедиция Лаперуза', 11, 35.6762, 139.6503);
INSERT INTO waypoints (id, discovery_id, seq, lat, lng) VALUES (269, '1799|Исследование Южной Америки', 0, 37.2185, -7.0424);
INSERT INTO waypoints (id, discovery_id, seq, lat, lng) VALUES (270, '1799|Исследование Южной Америки', 1, 35.3033, -22.7649);
INSERT INTO waypoints (id, discovery_id, seq, lat, lng) VALUES (271, '1799|Исследование Южной Америки', 2, 29.2904, -38.7992);
INSERT INTO waypoints (id, discovery_id, seq, lat, lng) VALUES (272, '1799|Исследование Южной Америки', 3, 12, -55);
INSERT INTO waypoints (id, discovery_id, seq, lat, lng) VALUES (273, '1799|Исследование Южной Америки', 4, 9.4257, -60.7127);
INSERT INTO waypoints (id, discovery_id, seq, lat, lng) VALUES (274, '1803|Первое русское кругосветное плавание', 0, 12.8323, 49.9441);
INSERT INTO waypoints (id, discovery_id, seq, lat, lng) VALUES (275, '1803|Первое русское кругосветное плавание', 1, 11.6743, 44.243);
INSERT INTO waypoints (id, discovery_id, seq, lat, lng) VALUES (276, '1803|Первое русское кругосветное плавание', 2, 32.6079, 30.1684);
INSERT INTO waypoints (id, discovery_id, seq, lat, lng) VALUES (277, '1803|Первое русское кругосветное плавание', 3, 37.8636, 7.6313);
INSERT INTO waypoints (id, discovery_id, seq, lat, lng) VALUES (278, '1803|Первое русское кругосветное плавание', 4, 35.5412, -9.483);
INSERT INTO waypoints (id, discovery_id, seq, lat, lng) VALUES (279, '1803|Первое русское кругосветное плавание', 5, 30.9981, -17.5002);
INSERT INTO waypoints (id, discovery_id, seq, lat, lng) VALUES (280, '1803|Первое русское кругосветное плавание', 6, -2.6739, -23.2013);
INSERT INTO waypoints (id, discovery_id, seq, lat, lng) VALUES (281, '1803|Первое русское кругосветное плавание', 7, -28.9523, -41.997);
INSERT INTO waypoints (id, discovery_id, seq, lat, lng) VALUES (282, '1803|Первое русское кругосветное плавание', 8, -35.0097, -46.0056);
INSERT INTO waypoints (id, discovery_id, seq, lat, lng) VALUES (283, '1803|Первое русское кругосветное плавание', 9, -37.5039, -53.9336);
INSERT INTO waypoints (id, discovery_id, seq, lat, lng) VALUES (284, '1803|Первое русское кругосветное плавание', 10, -38.4774, -54.5906);
INSERT INTO waypoints (id, discovery_id, seq, lat, lng) VALUES (285, '1803|Первое русское кругосветное плавание', 11, -52.1957, -68.3088);
INSERT INTO waypoints (id, discovery_id, seq, lat, lng) VALUES (286, '1803|Первое русское кругосветное плавание', 12, -47.3854, -31.6527);
INSERT INTO waypoints (id, discovery_id, seq, lat, lng) VALUES (287, '1803|Первое русское кругосветное плавание', 13, -39.3237, 150.6038);
INSERT INTO waypoints (id, discovery_id, seq, lat, lng) VALUES (288, '1803|Первое русское кругосветное плавание', 14, -21.5078, 160.4025);
INSERT INTO waypoints (id, discovery_id, seq, lat, lng) VALUES (289, '1803|Первое русское кругосветное плавание', 15, -15.4504, 159.2444);
INSERT INTO waypoints (id, discovery_id, seq, lat, lng) VALUES (290, '1803|Первое русское кругосветное плавание', 16, 34.1223, 139.0234);
INSERT INTO waypoints (id, discovery_id, seq, lat, lng) VALUES (291, '1803|Первое русское кругосветное плавание', 17, 20.7604, 122.5437);
INSERT INTO waypoints (id, discovery_id, seq, lat, lng) VALUES (292, '1803|Первое русское кругосветное плавание', 18, 10.5162, 112.0324);
INSERT INTO waypoints (id, discovery_id, seq, lat, lng) VALUES (293, '1803|Первое русское кругосветное плавание', 19, -1.5986, 108.291);
INSERT INTO waypoints (id, discovery_id, seq, lat, lng) VALUES (294, '1803|Первое русское кругосветное плавание', 20, -4.8945, 106.8658);
INSERT INTO waypoints (id, discovery_id, seq, lat, lng) VALUES (295, '1803|Первое русское кругосветное плавание', 21, -9.972, 102.5009);
INSERT INTO waypoints (id, discovery_id, seq, lat, lng) VALUES (296, '1803|Первое русское кругосветное плавание', 22, 13.0105, 50.3004);
INSERT INTO waypoints (id, discovery_id, seq, lat, lng) VALUES (297, '1804|Экспедиция Льюиса и Кларка', 0, 38.627, -90.1994);
INSERT INTO waypoints (id, discovery_id, seq, lat, lng) VALUES (298, '1804|Экспедиция Льюиса и Кларка', 1, 36.5608, -89.2035);
INSERT INTO waypoints (id, discovery_id, seq, lat, lng) VALUES (299, '1804|Экспедиция Льюиса и Кларка', 2, 33.7103, -91.0742);
INSERT INTO waypoints (id, discovery_id, seq, lat, lng) VALUES (300, '1804|Экспедиция Льюиса и Кларка', 3, 29.479, -91.5196);
INSERT INTO waypoints (id, discovery_id, seq, lat, lng) VALUES (301, '1804|Экспедиция Льюиса и Кларка', 4, 26.4058, -88.7136);
INSERT INTO waypoints (id, discovery_id, seq, lat, lng) VALUES (302, '1804|Экспедиция Льюиса и Кларка', 5, 6.0957, -78.5585);
INSERT INTO waypoints (id, discovery_id, seq, lat, lng) VALUES (303, '1804|Экспедиция Льюиса и Кларка', 6, 19.6803, -117.0408);
INSERT INTO waypoints (id, discovery_id, seq, lat, lng) VALUES (304, '1804|Экспедиция Льюиса и Кларка', 7, 42.0837, -125.4588);
INSERT INTO waypoints (id, discovery_id, seq, lat, lng) VALUES (305, '1804|Экспедиция Льюиса и Кларка', 8, 45.157, -123.8554);
INSERT INTO waypoints (id, discovery_id, seq, lat, lng) VALUES (306, '1819|Экспедиция Джона Франклина', 0, 51.5074, -0.1278);
INSERT INTO waypoints (id, discovery_id, seq, lat, lng) VALUES (307, '1819|Экспедиция Джона Франклина', 1, 53.8986, 2.9568);
INSERT INTO waypoints (id, discovery_id, seq, lat, lng) VALUES (308, '1819|Экспедиция Джона Франклина', 2, 61.9157, -0.3392);
INSERT INTO waypoints (id, discovery_id, seq, lat, lng) VALUES (309, '1819|Экспедиция Джона Франклина', 3, 59.8669, -34.2784);
INSERT INTO waypoints (id, discovery_id, seq, lat, lng) VALUES (310, '1819|Экспедиция Джона Франклина', 4, 59.1543, -45.3243);
INSERT INTO waypoints (id, discovery_id, seq, lat, lng) VALUES (311, '1819|Экспедиция Джона Франклина', 5, 61.2922, -65.6344);
INSERT INTO waypoints (id, discovery_id, seq, lat, lng) VALUES (312, '1819|Экспедиция Джона Франклина', 6, 62.1607, -70.0883);
INSERT INTO waypoints (id, discovery_id, seq, lat, lng) VALUES (313, '1819|Экспедиция Джона Франклина', 7, 63.6082, -79.4417);
INSERT INTO waypoints (id, discovery_id, seq, lat, lng) VALUES (314, '1819|Экспедиция Джона Франклина', 8, 69.4429, -80.6888);
INSERT INTO waypoints (id, discovery_id, seq, lat, lng) VALUES (315, '1819|Экспедиция Джона Франклина', 9, 70.2892, -89.4185);
INSERT INTO waypoints (id, discovery_id, seq, lat, lng) VALUES (316, '1819|Экспедиция Джона Франклина', 10, 68, -100);
INSERT INTO waypoints (id, discovery_id, seq, lat, lng) VALUES (317, '1820|Открытие Антарктиды', 0, 59.9311, 30.3609);
INSERT INTO waypoints (id, discovery_id, seq, lat, lng) VALUES (318, '1820|Открытие Антарктиды', 1, 59.4653, 22.3294);
INSERT INTO waypoints (id, discovery_id, seq, lat, lng) VALUES (319, '1820|Открытие Антарктиды', 2, 54.2765, 14.3791);
INSERT INTO waypoints (id, discovery_id, seq, lat, lng) VALUES (320, '1820|Открытие Антарктиды', 3, 58.1737, 10.2592);
INSERT INTO waypoints (id, discovery_id, seq, lat, lng) VALUES (321, '1820|Открытие Антарктиды', 4, 55.1227, 5.538);
INSERT INTO waypoints (id, discovery_id, seq, lat, lng) VALUES (322, '1820|Открытие Антарктиды', 5, 51.0251, 1.663);
INSERT INTO waypoints (id, discovery_id, seq, lat, lng) VALUES (323, '1820|Открытие Антарктиды', 6, 47.2615, -9.561);
INSERT INTO waypoints (id, discovery_id, seq, lat, lng) VALUES (324, '1820|Открытие Антарктиды', 7, -21.9977, -39.0908);
INSERT INTO waypoints (id, discovery_id, seq, lat, lng) VALUES (325, '1820|Открытие Антарктиды', 8, -24.3806, -39.9482);
INSERT INTO waypoints (id, discovery_id, seq, lat, lng) VALUES (326, '1820|Открытие Антарктиды', 9, -35.6937, -41.3734);
INSERT INTO waypoints (id, discovery_id, seq, lat, lng) VALUES (327, '1820|Открытие Антарктиды', 10, -54.3558, -36.5632);
INSERT INTO waypoints (id, discovery_id, seq, lat, lng) VALUES (328, '1820|Открытие Антарктиды', 11, -54.3113, -36.385);
INSERT INTO waypoints (id, discovery_id, seq, lat, lng) VALUES (329, '1829|Исследование Австралии', 0, -33.8688, 151.2093);
INSERT INTO waypoints (id, discovery_id, seq, lat, lng) VALUES (330, '1829|Исследование Австралии', 1, -39.0954, 149.4207);
INSERT INTO waypoints (id, discovery_id, seq, lat, lng) VALUES (331, '1829|Исследование Австралии', 2, -39.0286, 141.3813);
INSERT INTO waypoints (id, discovery_id, seq, lat, lng) VALUES (332, '1829|Исследование Австралии', 3, -35.638, 137.974);
INSERT INTO waypoints (id, discovery_id, seq, lat, lng) VALUES (333, '1829|Исследование Австралии', 4, -34.9285, 138.6007);
INSERT INTO waypoints (id, discovery_id, seq, lat, lng) VALUES (334, '1841|Открытие моря Росса', 0, -41.2865, 174.7762);
INSERT INTO waypoints (id, discovery_id, seq, lat, lng) VALUES (335, '1841|Открытие моря Росса', 1, -55, 176);
INSERT INTO waypoints (id, discovery_id, seq, lat, lng) VALUES (336, '1841|Открытие моря Росса', 2, -65, 175.5);
INSERT INTO waypoints (id, discovery_id, seq, lat, lng) VALUES (337, '1841|Открытие моря Росса', 3, -75, 175);
INSERT INTO waypoints (id, discovery_id, seq, lat, lng) VALUES (338, '1849|Исследование Центральной Африки', 0, -33.9249, 18.4241);
INSERT INTO waypoints (id, discovery_id, seq, lat, lng) VALUES (339, '1849|Исследование Центральной Африки', 1, -29, 22);
INSERT INTO waypoints (id, discovery_id, seq, lat, lng) VALUES (340, '1849|Исследование Центральной Африки', 2, -24, 24);
INSERT INTO waypoints (id, discovery_id, seq, lat, lng) VALUES (341, '1849|Исследование Центральной Африки', 3, -17.9243, 25.8572);
INSERT INTO waypoints (id, discovery_id, seq, lat, lng) VALUES (342, '1855|Открытие водопада Виктория для европейской науки', 0, -24, 24);
INSERT INTO waypoints (id, discovery_id, seq, lat, lng) VALUES (343, '1855|Открытие водопада Виктория для европейской науки', 1, -21, 25);
INSERT INTO waypoints (id, discovery_id, seq, lat, lng) VALUES (344, '1855|Открытие водопада Виктория для европейской науки', 2, -19, 25.5);
INSERT INTO waypoints (id, discovery_id, seq, lat, lng) VALUES (345, '1855|Открытие водопада Виктория для европейской науки', 3, -17.9244, 25.8567);
INSERT INTO waypoints (id, discovery_id, seq, lat, lng) VALUES (346, '1858|Открытие озера Виктория для европейской науки', 0, -5.569, 39.4216);
INSERT INTO waypoints (id, discovery_id, seq, lat, lng) VALUES (347, '1858|Открытие озера Виктория для европейской науки', 1, -5, 37);
INSERT INTO waypoints (id, discovery_id, seq, lat, lng) VALUES (348, '1858|Открытие озера Виктория для европейской науки', 2, -3, 35);
INSERT INTO waypoints (id, discovery_id, seq, lat, lng) VALUES (349, '1858|Открытие озера Виктория для европейской науки', 3, -1, 33);
INSERT INTO waypoints (id, discovery_id, seq, lat, lng) VALUES (350, '1860|Экспедиция Бёрка и Уиллса', 0, -37.8136, 144.9631);
INSERT INTO waypoints (id, discovery_id, seq, lat, lng) VALUES (351, '1860|Экспедиция Бёрка и Уиллса', 1, -38.7781, 144.7913);
INSERT INTO waypoints (id, discovery_id, seq, lat, lng) VALUES (352, '1860|Экспедиция Бёрка и Уиллса', 2, -38.7113, 151.4945);
INSERT INTO waypoints (id, discovery_id, seq, lat, lng) VALUES (353, '1860|Экспедиция Бёрка и Уиллса', 3, -28.9348, 154.1001);
INSERT INTO waypoints (id, discovery_id, seq, lat, lng) VALUES (354, '1860|Экспедиция Бёрка и Уиллса', 4, -19.4256, 153.432);
INSERT INTO waypoints (id, discovery_id, seq, lat, lng) VALUES (355, '1860|Экспедиция Бёрка и Уиллса', 5, -10.3617, 142.208);
INSERT INTO waypoints (id, discovery_id, seq, lat, lng) VALUES (356, '1860|Экспедиция Бёрка и Уиллса', 6, -15.996, 140.1815);
INSERT INTO waypoints (id, discovery_id, seq, lat, lng) VALUES (357, '1860|Экспедиция Бёрка и Уиллса', 7, -17.5549, 139.7138);
INSERT INTO waypoints (id, discovery_id, seq, lat, lng) VALUES (358, '1871|Поиски Ливингстона', 0, -6.7924, 39.2083);
INSERT INTO waypoints (id, discovery_id, seq, lat, lng) VALUES (359, '1871|Поиски Ливингстона', 1, -6.5, 35);
INSERT INTO waypoints (id, discovery_id, seq, lat, lng) VALUES (360, '1871|Поиски Ливингстона', 2, -6.2, 32);
INSERT INTO waypoints (id, discovery_id, seq, lat, lng) VALUES (361, '1871|Поиски Ливингстона', 3, -5.5, 29.5);
INSERT INTO waypoints (id, discovery_id, seq, lat, lng) VALUES (362, '1874|Исследование реки Конго', 0, -6, 29.5);
INSERT INTO waypoints (id, discovery_id, seq, lat, lng) VALUES (363, '1874|Исследование реки Конго', 1, -13.8533, 35.5021);
INSERT INTO waypoints (id, discovery_id, seq, lat, lng) VALUES (364, '1874|Исследование реки Конго', 2, -25.7009, 41.2031);
INSERT INTO waypoints (id, discovery_id, seq, lat, lng) VALUES (365, '1874|Исследование реки Конго', 3, -36.9249, 23.12);
INSERT INTO waypoints (id, discovery_id, seq, lat, lng) VALUES (366, '1874|Исследование реки Конго', 4, -31.2238, 9.4018);
INSERT INTO waypoints (id, discovery_id, seq, lat, lng) VALUES (367, '1874|Исследование реки Конго', 5, -6.0792, 12.45);
INSERT INTO waypoints (id, discovery_id, seq, lat, lng) VALUES (368, '1878|Открытие Северо-Восточного прохода', 0, 59.3293, 18.0686);
INSERT INTO waypoints (id, discovery_id, seq, lat, lng) VALUES (369, '1878|Открытие Северо-Восточного прохода', 1, 54.8339, 14.5816);
INSERT INTO waypoints (id, discovery_id, seq, lat, lng) VALUES (370, '1878|Открытие Северо-Восточного прохода', 2, 58.0408, 9.5486);
INSERT INTO waypoints (id, discovery_id, seq, lat, lng) VALUES (371, '1878|Открытие Северо-Восточного прохода', 3, 56.5264, 1.8433);
INSERT INTO waypoints (id, discovery_id, seq, lat, lng) VALUES (372, '1878|Открытие Северо-Восточного прохода', 4, 69.1312, 6.2527);
INSERT INTO waypoints (id, discovery_id, seq, lat, lng) VALUES (373, '1878|Открытие Северо-Восточного прохода', 5, 72.2935, 30.5714);
INSERT INTO waypoints (id, discovery_id, seq, lat, lng) VALUES (374, '1878|Открытие Северо-Восточного прохода', 6, 72, 50);
INSERT INTO waypoints (id, discovery_id, seq, lat, lng) VALUES (375, '1878|Открытие Северо-Восточного прохода', 7, 69.7547, 56.7162);
INSERT INTO waypoints (id, discovery_id, seq, lat, lng) VALUES (376, '1878|Открытие Северо-Восточного прохода', 8, 74, 70);
INSERT INTO waypoints (id, discovery_id, seq, lat, lng) VALUES (377, '1878|Открытие Северо-Восточного прохода', 9, 78.4845, 110.5647);
INSERT INTO waypoints (id, discovery_id, seq, lat, lng) VALUES (378, '1878|Открытие Северо-Восточного прохода', 10, 73.1843, 119.8735);
INSERT INTO waypoints (id, discovery_id, seq, lat, lng) VALUES (379, '1878|Открытие Северо-Восточного прохода', 11, 73.0506, 119.9625);
INSERT INTO waypoints (id, discovery_id, seq, lat, lng) VALUES (380, '1888|Пересечение Гренландии', 0, 64.744, -51.0253);
INSERT INTO waypoints (id, discovery_id, seq, lat, lng) VALUES (381, '1888|Пересечение Гренландии', 1, 67, -49);
INSERT INTO waypoints (id, discovery_id, seq, lat, lng) VALUES (382, '1888|Пересечение Гренландии', 2, 70, -45);
INSERT INTO waypoints (id, discovery_id, seq, lat, lng) VALUES (383, '1888|Пересечение Гренландии', 3, 72, -40);
INSERT INTO waypoints (id, discovery_id, seq, lat, lng) VALUES (384, '1893|Арктическая экспедиция на «Фраме»', 0, 59.9139, 10.7522);
INSERT INTO waypoints (id, discovery_id, seq, lat, lng) VALUES (385, '1893|Арктическая экспедиция на «Фраме»', 1, 56.7046, 7.2771);
INSERT INTO waypoints (id, discovery_id, seq, lat, lng) VALUES (386, '1893|Арктическая экспедиция на «Фраме»', 2, 60.4014, 3.4022);
INSERT INTO waypoints (id, discovery_id, seq, lat, lng) VALUES (387, '1893|Арктическая экспедиция на «Фраме»', 3, 78.2232, 15.6469);
INSERT INTO waypoints (id, discovery_id, seq, lat, lng) VALUES (388, '1893|Арктическая экспедиция на «Фраме»', 4, 81, 20);
INSERT INTO waypoints (id, discovery_id, seq, lat, lng) VALUES (389, '1893|Арктическая экспедиция на «Фраме»', 5, 84, 30);
INSERT INTO waypoints (id, discovery_id, seq, lat, lng) VALUES (390, '1897|Исследование Антарктики', 0, 51.2194, 4.4025);
INSERT INTO waypoints (id, discovery_id, seq, lat, lng) VALUES (391, '1897|Исследование Антарктики', 1, 45.3399, -20.2616);
INSERT INTO waypoints (id, discovery_id, seq, lat, lng) VALUES (392, '1897|Исследование Антарктики', 2, 0.533, -19.4599);
INSERT INTO waypoints (id, discovery_id, seq, lat, lng) VALUES (393, '1897|Исследование Антарктики', 3, -22.8949, -42.7987);
INSERT INTO waypoints (id, discovery_id, seq, lat, lng) VALUES (394, '1897|Исследование Антарктики', 4, -50, -58);
INSERT INTO waypoints (id, discovery_id, seq, lat, lng) VALUES (395, '1897|Исследование Антарктики', 5, -64, -62);
INSERT INTO waypoints (id, discovery_id, seq, lat, lng) VALUES (396, '1909|Достижение Северного полюса', 0, 76.5312, -68.7032);
INSERT INTO waypoints (id, discovery_id, seq, lat, lng) VALUES (397, '1909|Достижение Северного полюса', 1, 78.4845, -73.6738);
INSERT INTO waypoints (id, discovery_id, seq, lat, lng) VALUES (398, '1909|Достижение Северного полюса', 2, 82.2258, -60.8018);
INSERT INTO waypoints (id, discovery_id, seq, lat, lng) VALUES (399, '1909|Достижение Северного полюса', 3, 85, -25);
INSERT INTO waypoints (id, discovery_id, seq, lat, lng) VALUES (400, '1909|Достижение Северного полюса', 4, 85, 0);
INSERT INTO waypoints (id, discovery_id, seq, lat, lng) VALUES (401, '1911|Достижение Южного полюса', 0, -77.374, 167.2682);
INSERT INTO waypoints (id, discovery_id, seq, lat, lng) VALUES (402, '1911|Достижение Южного полюса', 1, -71.0523, 171.9872);
INSERT INTO waypoints (id, discovery_id, seq, lat, lng) VALUES (403, '1911|Достижение Южного полюса', 2, -64.6416, 134.5022);
INSERT INTO waypoints (id, discovery_id, seq, lat, lng) VALUES (404, '1911|Достижение Южного полюса', 3, -65.532, 50.5394);
INSERT INTO waypoints (id, discovery_id, seq, lat, lng) VALUES (405, '1911|Достижение Южного полюса', 4, -68.4257, 20.0327);
INSERT INTO waypoints (id, discovery_id, seq, lat, lng) VALUES (406, '1911|Достижение Южного полюса', 5, -70.0061, 4.6069);
INSERT INTO waypoints (id, discovery_id, seq, lat, lng) VALUES (407, '1911|Достижение Южного полюса', 6, -70.251, 4.4956);
INSERT INTO waypoints (id, discovery_id, seq, lat, lng) VALUES (408, '1912|Экспедиция Роберта Скотта к Южному полюсу', 0, -77.4631, 167.2682);
INSERT INTO waypoints (id, discovery_id, seq, lat, lng) VALUES (409, '1912|Экспедиция Роберта Скотта к Южному полюсу', 1, -70.9633, 171.8982);
INSERT INTO waypoints (id, discovery_id, seq, lat, lng) VALUES (410, '1912|Экспедиция Роберта Скотта к Южному полюсу', 2, -64.7306, 134.5912);
INSERT INTO waypoints (id, discovery_id, seq, lat, lng) VALUES (411, '1912|Экспедиция Роберта Скотта к Южному полюсу', 3, -65.532, 50.4503);
INSERT INTO waypoints (id, discovery_id, seq, lat, lng) VALUES (412, '1912|Экспедиция Роберта Скотта к Южному полюсу', 4, -69.9839, 4.5067);
INSERT INTO waypoints (id, discovery_id, seq, lat, lng) VALUES (413, '1912|Экспедиция Роберта Скотта к Южному полюсу', 5, -70.0952, 4.5846);
